n;date;relative_humidity_1;barometric_pressure_1;temperature_1;analog_output_12
1;2020-10-01T20:29:44.053Z;82;998,4;11,5;26,29
2;2020-10-01T20:39:43.803Z;82;998,4;11,4;26,32
3;2020-10-01T20:49:43.803Z;81,5;998,4;11,2;26,35
4;2020-10-01T20:59:43.793Z;82;998,5;11,1;26,36
5;2020-10-01T21:09:43.779Z;82;998,4;11,1;26,38
6;2020-10-01T21:19:43.769Z;82;998,5;11,1;26,39
7;2020-10-01T21:29:43.765Z;82;998,5;11,1;26,41
8;2020-10-01T21:39:43.763Z;82;998,6;11;26,41
9;2020-10-01T21:49:43.735Z;82;998,5;10,9;26,42
10;2020-10-01T21:59:43.748Z;82;998,4;10,9;26,43
11;2020-10-01T22:09:43.716Z;82;998,2;10,8;26,44
12;2020-10-01T22:19:43.704Z;82;998,1;10,8;26,45
13;2020-10-01T22:29:43.697Z;82;998;10,7;26,45
14;2020-10-01T22:39:43.689Z;82;998;10,6;26,46
15;2020-10-01T22:49:43.677Z;82;998;10,5;26,47
16;2020-10-01T22:59:43.663Z;82;997,9;10,4;26,48
17;2020-10-01T23:09:43.655Z;82;997,8;10,4;26,49
18;2020-10-01T23:19:43.647Z;82;997,7;10,2;26,49
19;2020-10-01T23:29:43.657Z;82;997,7;10,1;26,49
20;2020-10-01T23:39:43.630Z;82;997,7;10;26,5
21;2020-10-01T23:49:43.625Z;82;997,7;9,9;26,51
22;2020-10-01T23:59:43.617Z;82;997,7;9,7;26,52
23;2020-10-02T00:09:43.603Z;82;997,7;9,6;26,52
24;2020-10-02T00:19:43.591Z;82;997,7;9,5;26,53
25;2020-10-02T00:29:43.605Z;82;997,6;9,5;26,53
26;2020-10-02T00:39:43.622Z;82;997,5;9,4;26,54
27;2020-10-02T00:49:43.597Z;82;997,5;9,2;26,54
28;2020-10-02T00:59:43.564Z;82;997,4;9,1;26,55
29;2020-10-02T01:09:43.558Z;82;997,4;9,1;26,55
30;2020-10-02T01:19:43.549Z;82;997,3;9;26,56
31;2020-10-02T01:29:43.560Z;82,5;997,2;9,1;26,57
32;2020-10-02T01:39:43.529Z;82,5;997,1;9,2;26,57
33;2020-10-02T01:49:43.522Z;82,5;997;9,3;26,57
34;2020-10-02T01:59:43.511Z;82,5;997;9,3;26,57
35;2020-10-02T02:09:43.502Z;82,5;996,9;9,3;26,57
36;2020-10-02T02:19:43.645Z;82,5;996,8;9,3;26,57
37;2020-10-02T02:29:43.485Z;82,5;996,6;9,2;26,57
38;2020-10-02T02:39:43.477Z;82,5;996,5;9,2;26,57
39;2020-10-02T02:49:43.464Z;82,5;996,3;9,2;26,56
40;2020-10-02T02:59:43.461Z;82,5;996,3;9,2;26,57
41;2020-10-02T03:09:43.450Z;82,5;996,2;9,2;26,57
42;2020-10-02T03:19:43.442Z;82,5;996,2;9,1;26,57
43;2020-10-02T03:29:43.434Z;82,5;996,1;9,1;26,58
44;2020-10-02T03:39:43.422Z;82,5;996,2;9,1;26,58
45;2020-10-02T03:49:43.523Z;83;996,1;9,1;26,58
46;2020-10-02T03:59:43.455Z;83;996,1;9,1;26,58
47;2020-10-02T04:09:43.398Z;83;996,1;9,1;26,58
48;2020-10-02T04:19:43.387Z;83;996,1;9,1;26,58
49;2020-10-02T04:29:43.378Z;83;995,9;9;26,58
50;2020-10-02T04:39:43.372Z;83;996;9;26,59
51;2020-10-02T04:49:43.363Z;83;995,9;9;26,59
52;2020-10-02T04:59:43.352Z;83;995,9;9;26,58
53;2020-10-02T05:09:43.340Z;83;995,8;8,9;26,59
54;2020-10-02T05:19:43.337Z;83;995,8;8,8;26,59
55;2020-10-02T05:29:43.327Z;83;995,8;8,7;26,58
56;2020-10-02T05:39:43.316Z;83;995,7;8,6;26,6
57;2020-10-02T05:49:43.306Z;83;995,7;8,6;26,6
58;2020-10-02T05:59:43.297Z;83;995,7;8,5;26,6
59;2020-10-02T06:09:43.289Z;83;995,6;8,5;26,61
60;2020-10-02T06:19:43.278Z;83;995,6;8,4;26,61
61;2020-10-02T06:29:43.271Z;83;995,6;8,5;26,61
62;2020-10-02T06:39:43.261Z;83;995,6;8,6;26,62
63;2020-10-02T06:49:43.252Z;83;995,5;8,7;26,62
64;2020-10-02T06:59:43.245Z;83,5;995,4;8,9;26,62
65;2020-10-02T07:09:43.235Z;83,5;995,2;9,1;26,61
66;2020-10-02T07:19:43.223Z;83,5;995,1;9,3;26,61
67;2020-10-02T07:29:43.219Z;83,5;995,2;9,6;26,59
68;2020-10-02T07:39:43.210Z;83,5;995;9,8;26,58
69;2020-10-02T07:49:43.221Z;83,5;994,9;10,1;26,56
70;2020-10-02T07:59:43.190Z;84;994,9;10,4;26,55
71;2020-10-02T08:09:43.184Z;84;995;10,7;26,54
72;2020-10-02T08:19:43.175Z;84;994,9;10,9;26,53
73;2020-10-02T08:29:43.166Z;84;994,8;11,1;26,51
74;2020-10-02T08:39:43.157Z;84;994,7;11,5;26,51
75;2020-10-02T08:49:43.168Z;84;994,6;12,1;26,5
76;2020-10-02T08:59:43.140Z;83,5;994,6;12,5;26,46
77;2020-10-02T09:09:43.150Z;83,5;994,5;12,8;26,45
78;2020-10-02T09:19:43.122Z;83;994,5;13;26,42
79;2020-10-02T09:29:43.132Z;83;994,3;13,5;26,41
80;2020-10-02T09:39:43.105Z;82,5;994;13,6;26,39
81;2020-10-02T09:49:43.177Z;82,5;993,8;14;26,36
82;2020-10-02T09:59:43.089Z;82;993,7;14,9;26,33
83;2020-10-02T10:09:43.079Z;81,5;993,5;15,2;26,29
84;2020-10-02T10:19:43.072Z;81;993,6;15,2;26,25
85;2020-10-02T10:29:43.062Z;81;993,6;15,1;26,22
86;2020-10-02T10:39:43.056Z;80,5;993,5;14,9;26,19
87;2020-10-02T10:49:43.046Z;80;993,3;15,5;26,19
88;2020-10-02T10:59:43.038Z;78,5;993,1;15,8;26,19
89;2020-10-02T11:09:43.028Z;79;993;15,4;26,17
90;2020-10-02T11:19:43.021Z;79;993;16;26,18
91;2020-10-02T11:29:43.011Z;78;992,8;16,4;25,31
92;2020-10-02T11:39:43.004Z;77;992,7;16,4;26,15
93;2020-10-02T11:49:42.995Z;76,5;992,7;16,4;26,13
94;2020-10-02T11:59:42.988Z;77;992,6;16,7;26,13
95;2020-10-02T12:09:42.979Z;76,5;992,5;17,1;26,08
96;2020-10-02T12:19:42.984Z;74,5;992,4;16,9;26,05
97;2020-10-02T12:29:42.962Z;75;992,3;16,6;26,04
98;2020-10-02T12:39:42.953Z;76;992,2;16,6;26,07
99;2020-10-02T12:49:43.061Z;75;992,1;16,9;26,07
100;2020-10-02T12:59:42.956Z;75;992;17;26,06
101;2020-10-02T13:09:42.927Z;74,5;991,9;16,7;26,1
102;2020-10-02T13:19:42.940Z;75,5;991,9;16,6;26,1
103;2020-10-02T13:29:42.912Z;75;991,8;16,4;26,12
104;2020-10-02T13:39:42.923Z;75;991,7;16,4;26,13
105;2020-10-02T13:49:42.896Z;75,5;991,7;16,3;26,15
106;2020-10-02T13:59:42.889Z;75,5;991,7;16,3;26,16
107;2020-10-02T14:09:42.879Z;75,5;991,7;16,3;26,17
108;2020-10-02T14:19:42.870Z;75,5;991,5;16,3;26,18
109;2020-10-02T14:29:42.862Z;75,5;991,5;16,2;26,21
110;2020-10-02T14:39:42.853Z;75;991,4;16,2;26,2
111;2020-10-02T14:49:42.844Z;75,5;991,4;16,2;26,21
112;2020-10-02T14:59:42.838Z;75,5;991,4;16,2;26,22
113;2020-10-02T15:09:42.905Z;75,5;991,5;16,1;26,23
114;2020-10-02T15:19:42.819Z;75,5;991,6;16;26,23
115;2020-10-02T15:29:42.739Z;75,5;991,7;16;26,24
116;2020-10-02T15:39:42.730Z;76;991,7;15,9;26,24
117;2020-10-02T15:49:42.720Z;76;991,6;15,8;26,26
118;2020-10-02T15:59:42.713Z;76;991,6;15,8;26,25
119;2020-10-02T16:09:42.705Z;76;991,5;15,7;26,26
120;2020-10-02T16:19:42.697Z;76,5;991,6;15,7;26,27
121;2020-10-02T16:29:42.689Z;76,5;991,6;15,6;26,27
122;2020-10-02T16:39:42.679Z;76,5;991,7;15,5;26,28
123;2020-10-02T16:49:42.673Z;76,5;991,5;15,4;26,28
124;2020-10-02T16:59:42.662Z;76,5;991,4;15,3;26,29
125;2020-10-02T17:09:42.653Z;76,5;991,3;15,2;26,29
126;2020-10-02T17:19:42.643Z;76,5;991,4;15;26,3
127;2020-10-02T17:29:42.697Z;76,5;991,5;14,9;26,31
128;2020-10-02T17:39:42.627Z;76,5;991,5;14,8;26,32
129;2020-10-02T17:49:42.621Z;76,5;991,4;14,7;26,33
130;2020-10-02T17:59:42.614Z;76,5;991,2;14,7;26,33
131;2020-10-02T18:09:42.605Z;76,5;991,2;14,7;26,34
132;2020-10-02T18:19:42.594Z;76,5;991,3;14,7;26,34
133;2020-10-02T18:29:42.589Z;76,5;991,3;14,6;26,35
134;2020-10-02T18:39:42.579Z;77;991,4;14,6;26,36
135;2020-10-02T18:49:42.572Z;77;991,5;14,6;26,35
136;2020-10-02T18:59:42.619Z;77;991,4;14,6;26,35
137;2020-10-02T19:09:42.555Z;77;991,3;14,6;26,36
138;2020-10-02T19:19:42.546Z;77;991,3;14,6;26,36
139;2020-10-02T19:29:42.537Z;77,5;991,3;14,6;26,36
140;2020-10-02T19:39:42.530Z;77,5;991,2;14,6;26,36
141;2020-10-02T19:49:42.519Z;77,5;991,2;14,6;26,36
142;2020-10-02T19:59:42.511Z;77,5;991,2;14,6;26,35
143;2020-10-02T20:09:42.502Z;77,5;991,1;14,6;26,36
144;2020-10-02T20:19:57.559Z;78;968,5;14,6;26,35
145;2020-10-02T20:29:57.549Z;78;990,8;14,6;26,34
146;2020-10-02T20:39:57.539Z;78;990,6;14,6;26,35
147;2020-10-02T20:49:57.558Z;78;990,5;14,6;26,36
148;2020-10-02T20:59:57.568Z;78;990,2;14,5;26,36
149;2020-10-02T21:09:57.519Z;78;989,9;14,5;26,35
150;2020-10-02T21:19:57.506Z;78;989,8;14,4;26,36
151;2020-10-02T21:29:57.500Z;78;989,6;14,4;26,36
152;2020-10-02T21:39:57.491Z;78;989,7;14,4;26,37
153;2020-10-02T21:49:57.490Z;78;989,9;14,4;26,36
154;2020-10-02T21:59:57.501Z;78;990,2;14,4;26,37
155;2020-10-02T22:09:57.464Z;78,5;990,1;14,4;26,36
156;2020-10-02T22:19:57.456Z;78,5;990,1;14,4;26,37
157;2020-10-02T22:29:57.448Z;78,5;990,1;14,4;26,36
158;2020-10-02T22:39:57.440Z;78,5;989,9;14,4;26,37
159;2020-10-02T22:49:57.429Z;78,5;989,6;14,3;26,36
160;2020-10-02T22:59:57.422Z;78,5;989,3;14,3;26,36
161;2020-10-02T23:09:57.415Z;78,5;989,4;14,3;26,37
162;2020-10-02T23:19:57.406Z;78,5;989,5;14,3;26,37
163;2020-10-02T23:29:57.396Z;78,5;989,4;14,3;26,36
164;2020-10-02T23:39:57.409Z;79;989,2;14,3;26,37
165;2020-10-02T23:49:57.380Z;79;989,2;14,2;26,37
166;2020-10-02T23:59:57.370Z;79;989;14,2;26,38
167;2020-10-03T00:09:57.363Z;79;989;14,2;26,36
168;2020-10-03T00:19:57.354Z;79;988,9;14,2;26,37
169;2020-10-03T00:29:57.344Z;79;988,6;14,1;26,37
170;2020-10-03T00:39:57.336Z;79;988,4;14,1;26,37
171;2020-10-03T00:49:57.329Z;79;988,4;14;26,37
172;2020-10-03T00:59:57.319Z;79;988,5;14;26,37
173;2020-10-03T01:09:57.312Z;79;988,1;13,9;26,37
174;2020-10-03T01:19:57.303Z;79,5;988;13,9;26,39
175;2020-10-03T01:29:57.295Z;79,5;988;13,8;26,38
176;2020-10-03T01:39:57.286Z;79,5;987,9;13,8;26,38
177;2020-10-03T01:49:57.278Z;79,5;987,9;13,8;26,39
178;2020-10-03T01:59:57.269Z;79,5;988,1;13,8;26,38
179;2020-10-03T02:09:57.263Z;79,5;988,6;13,8;26,38
180;2020-10-03T02:19:57.255Z;79,5;988,6;13,8;26,38
181;2020-10-03T02:29:57.245Z;79,5;988,4;13,8;26,39
182;2020-10-03T02:39:57.240Z;79,5;988,4;13,8;26,39
183;2020-10-03T02:49:57.230Z;79,5;988,5;13,8;26,4
184;2020-10-03T02:59:57.222Z;79,5;988,3;13,7;26,39
185;2020-10-03T03:09:57.214Z;79,5;987,9;13,7;26,39
186;2020-10-03T03:19:57.203Z;79,5;987,8;13,6;26,39
187;2020-10-03T03:29:57.192Z;80;987,9;13,6;26,4
188;2020-10-03T03:39:57.217Z;80;988;13,6;26,39
189;2020-10-03T03:49:57.178Z;80;988,2;13,6;26,4
190;2020-10-03T03:59:57.169Z;80;988,4;13,6;26,4
191;2020-10-03T04:09:57.160Z;80;988,1;13,6;26,4
192;2020-10-03T04:19:57.151Z;80;988;13,6;26,4
193;2020-10-03T04:29:57.142Z;80;987,9;13,6;26,4
194;2020-10-03T04:39:57.133Z;80;987,8;13,6;26,4
195;2020-10-03T04:49:57.124Z;80;987,9;13,6;26,4
196;2020-10-03T04:59:57.164Z;80;987,7;13,5;26,4
197;2020-10-03T05:09:57.107Z;80;987,8;13,5;26,4
198;2020-10-03T05:19:57.098Z;80;987,7;13,5;26,4
199;2020-10-03T05:29:57.091Z;80,5;987,8;13,5;26,41
200;2020-10-03T05:39:57.083Z;80,5;987,9;13,5;26,41
201;2020-10-03T05:49:57.072Z;80,5;987,8;13,5;26,4
202;2020-10-03T05:59:57.063Z;80,5;987,8;13,5;26,4
203;2020-10-03T06:09:57.056Z;80,5;988;13,5;26,4
204;2020-10-03T06:19:57.048Z;80,5;987,8;13,5;26,4
205;2020-10-03T06:29:57.039Z;80,5;987,9;13,5;26,4
206;2020-10-03T06:39:57.032Z;80,5;988;13,5;26,4
207;2020-10-03T06:49:57.022Z;80,5;987,9;13,6;26,4
208;2020-10-03T06:59:57.013Z;80,5;987,7;13,6;26,4
209;2020-10-03T07:09:57.004Z;80,5;987,7;13,6;26,4
210;2020-10-03T07:19:57.033Z;80,5;987,7;13,6;26,4
211;2020-10-03T07:29:56.988Z;80,5;987,6;13,7;26,41
212;2020-10-03T07:39:56.981Z;80,5;987,8;13,7;26,4
213;2020-10-03T07:49:56.972Z;80,5;987,8;13,8;26,4
214;2020-10-03T07:59:56.962Z;81;987,7;13,8;26,4
215;2020-10-03T08:09:56.953Z;81;987,9;13,9;26,39
216;2020-10-03T08:19:56.946Z;81;988;14;26,39
217;2020-10-03T08:29:56.939Z;81;988;14,1;26,38
218;2020-10-03T08:39:56.929Z;81;988;14,2;26,38
219;2020-10-03T08:59:56.914Z;81;987,8;14,4;26,37
220;2020-10-03T09:09:56.903Z;81;988,2;14,5;26,36
221;2020-10-03T09:19:56.896Z;81;988,3;14,5;26,36
222;2020-10-03T09:29:56.887Z;81;988,3;14,5;26,35
223;2020-10-03T09:39:56.882Z;81;988,1;14,5;26,34
224;2020-10-03T09:49:56.870Z;81;987,9;14,5;26,34
225;2020-10-03T09:59:56.862Z;81;987,9;14,6;26,35
226;2020-10-03T10:09:56.853Z;81;988;14,6;26,35
227;2020-10-03T10:19:56.845Z;81;987,9;14,7;26,35
228;2020-10-03T10:29:56.838Z;81;988;14,7;26,35
229;2020-10-03T10:39:56.833Z;81;987,9;14,8;26,34
230;2020-10-03T10:49:56.825Z;81;987,8;15;26,34
231;2020-10-03T10:59:56.810Z;81;987,7;15;26,32
232;2020-10-03T11:09:56.802Z;81;987,6;15,1;26,32
233;2020-10-03T11:19:56.793Z;81;987,6;15,2;26,31
234;2020-10-03T11:29:56.787Z;81;987,6;15,2;26,32
235;2020-10-03T11:39:56.777Z;81;987,7;15,2;26,32
236;2020-10-03T11:49:56.769Z;81;987,6;15,2;26,31
237;2020-10-03T11:59:56.766Z;81;987,6;15,1;26,31
238;2020-10-03T12:09:56.753Z;81;987,8;15;26,31
239;2020-10-03T12:19:56.743Z;81;987,9;14,9;26,32
240;2020-10-03T12:29:56.736Z;81;988;14,7;26,32
241;2020-10-03T12:39:56.729Z;81;988;14,6;26,33
242;2020-10-03T12:49:56.718Z;81;988;14,5;26,33
243;2020-10-03T12:59:56.711Z;81;988;14,6;26,34
244;2020-10-03T13:09:56.703Z;81;988,1;14,5;26,34
245;2020-10-03T13:19:56.693Z;81;988,3;14,4;26,34
246;2020-10-03T13:29:56.685Z;81;988,2;14,2;26,35
247;2020-10-03T13:39:56.676Z;81;988,4;14,1;26,35
248;2020-10-03T13:49:56.670Z;81;988,6;13,9;26,35
249;2020-10-03T13:59:56.660Z;81,5;988,8;13,8;26,36
250;2020-10-03T14:09:56.652Z;81,5;989;13,7;26,37
251;2020-10-03T14:19:56.642Z;81,5;989;13,6;26,38
252;2020-10-03T14:29:56.635Z;81,5;989,1;13,4;26,38
253;2020-10-03T14:39:56.626Z;81,5;989;13,3;26,39
254;2020-10-03T14:49:56.618Z;81,5;989;13,2;26,4
255;2020-10-03T14:59:56.680Z;81,5;989;13,1;26,4
256;2020-10-03T15:09:56.601Z;81,5;988,9;13;26,4
257;2020-10-03T15:19:56.590Z;81,5;988,8;12,9;26,4
258;2020-10-03T15:29:56.583Z;82;988,6;12,8;26,41
259;2020-10-03T15:39:56.573Z;82;988,3;12,7;26,42
260;2020-10-03T15:49:56.567Z;82;988,7;12,6;26,42
261;2020-10-03T15:59:56.557Z;82;988,7;12,5;26,43
262;2020-10-03T16:09:56.551Z;82;988,8;12,4;26,43
263;2020-10-03T16:19:56.541Z;82;988,7;12,3;26,44
264;2020-10-03T16:29:56.571Z;82;988,7;12,2;26,45
265;2020-10-03T16:39:56.527Z;82;988,6;12,2;26,45
266;2020-10-03T16:49:56.517Z;82;988,6;12,1;26,45
267;2020-10-03T16:59:56.509Z;82;988,6;12;26,46
268;2020-10-03T17:09:56.499Z;82;988,8;12;26,46
269;2020-10-03T17:19:56.490Z;82;988,7;11,9;26,46
270;2020-10-03T17:29:56.480Z;82;988,6;11,9;26,47
271;2020-10-03T17:39:56.473Z;82;988,7;11,8;26,47
272;2020-10-03T17:49:56.463Z;82;988,6;11,8;26,48
273;2020-10-03T17:59:56.455Z;82;988,2;11,8;26,48
274;2020-10-03T18:09:56.446Z;82;988,5;11,7;26,48
275;2020-10-03T18:19:56.437Z;82;988,4;11,7;26,49
276;2020-10-03T18:29:56.433Z;82,5;988,5;11,6;26,49
277;2020-10-03T18:39:56.420Z;82,5;988,4;11,5;26,49
278;2020-10-03T18:49:56.412Z;82,5;988,3;11,4;26,49
279;2020-10-03T18:59:56.402Z;82,5;988,3;11,4;26,5
280;2020-10-03T19:09:56.395Z;82,5;988;11,3;26,51
281;2020-10-03T19:19:56.388Z;82,5;988;11,2;26,5
282;2020-10-03T19:29:56.379Z;82,5;988;11,1;26,52
283;2020-10-03T19:39:56.369Z;82,5;988;11,1;26,52
284;2020-10-03T19:49:56.361Z;82,5;987,9;11;26,53
285;2020-10-03T19:59:56.383Z;82,5;987,9;10,9;26,53
286;2020-10-03T20:09:56.348Z;82,5;987,7;10,8;26,52
287;2020-10-03T20:20:11.322Z;82,5;965,4;10,7;26,52
288;2020-10-03T20:30:11.311Z;82,5;987,5;10,6;26,53
289;2020-10-03T20:40:11.300Z;82,5;987,6;10,5;26,53
290;2020-10-03T20:50:11.292Z;82,5;987,5;10,5;26,54
291;2020-10-03T21:00:11.283Z;82,5;987,4;10,4;26,55
292;2020-10-03T21:10:11.273Z;82,5;987,3;10,4;26,55
293;2020-10-03T21:20:11.266Z;83;987,2;10,4;26,56
294;2020-10-03T21:30:11.259Z;83;987,1;10,4;26,56
295;2020-10-03T21:40:11.249Z;83;986,9;10,4;26,56
296;2020-10-03T21:50:11.243Z;83;986,8;10,4;26,56
297;2020-10-03T22:00:11.231Z;83;986,7;10,4;26,56
298;2020-10-03T22:10:11.224Z;83;986,5;10,4;26,57
299;2020-10-03T22:20:11.215Z;83;986,4;10,4;26,57
300;2020-10-03T22:30:11.206Z;83;986,4;10,4;26,57
301;2020-10-03T22:40:11.195Z;83;986,3;10,4;26,56
302;2020-10-03T22:50:11.188Z;83;986,2;10,4;26,57
303;2020-10-03T23:00:11.179Z;83;986,1;10,4;26,57
304;2020-10-03T23:10:11.169Z;83;985,9;10,4;26,57
305;2020-10-03T23:20:11.160Z;83;985,8;10,4;26,56
306;2020-10-03T23:30:11.152Z;83;985,7;10,4;25,7
307;2020-10-03T23:40:11.143Z;83;985,6;10,3;26,58
308;2020-10-03T23:50:11.134Z;83,5;985,5;10,3;26,57
309;2020-10-04T00:00:11.125Z;83,5;985,5;10,3;26,57
310;2020-10-04T00:10:11.118Z;83,5;985,5;10,2;26,57
311;2020-10-04T00:20:11.110Z;83,5;985,4;10,2;26,58
312;2020-10-04T00:30:11.101Z;83,5;985,4;10,2;26,58
313;2020-10-04T00:40:11.090Z;83,5;985,4;10,2;26,57
314;2020-10-04T00:50:11.081Z;83,5;985,3;10,2;26,58
315;2020-10-04T01:00:11.073Z;83,5;985,2;10,2;26,59
316;2020-10-04T01:10:11.065Z;83,5;985,1;10,2;26,58
317;2020-10-04T01:20:11.056Z;83,5;985;10,2;26,59
318;2020-10-04T01:30:11.050Z;83,5;985;10,1;26,59
319;2020-10-04T01:40:11.039Z;83,5;984,9;10,1;26,57
320;2020-10-04T01:50:11.031Z;83,5;984,7;10,1;26,57
321;2020-10-04T02:00:11.023Z;83,5;984,5;10,1;26,58
322;2020-10-04T02:10:11.052Z;83,5;984,4;10,1;26,58
323;2020-10-04T02:20:11.006Z;83,5;984,3;10,1;26,58
324;2020-10-04T02:30:10.997Z;83,5;984,2;10,2;26,58
325;2020-10-04T02:40:10.987Z;83,5;984,1;10,2;26,58
326;2020-10-04T02:50:10.978Z;83,5;984,1;10,3;26,57
327;2020-10-04T03:00:10.968Z;83,5;984;10,3;26,58
328;2020-10-04T03:10:11.000Z;83,5;984;10,3;26,58
329;2020-10-04T03:20:10.953Z;83,5;984;10,3;26,57
330;2020-10-04T03:30:10.943Z;83,5;984;10,3;26,58
331;2020-10-04T03:40:10.970Z;83,5;984;10,3;26,57
332;2020-10-04T04:00:10.918Z;84;984;10,3;26,57
333;2020-10-04T04:10:10.910Z;84;984;10,3;26,57
334;2020-10-04T04:20:10.900Z;84;984;10,4;26,57
335;2020-10-04T04:30:10.924Z;84;984;10,4;26,57
336;2020-10-04T04:40:10.883Z;84;984,1;10,4;26,56
337;2020-10-04T04:50:10.874Z;84;984,1;10,4;26,57
338;2020-10-04T05:00:10.865Z;84;984,1;10,4;26,56
339;2020-10-04T05:10:10.856Z;84;984,1;10,4;26,57
340;2020-10-04T05:20:10.847Z;84;984,1;10,3;26,57
341;2020-10-04T05:30:10.837Z;84;984,2;10,3;26,57
342;2020-10-04T05:40:10.830Z;84;984,2;10,4;26,57
343;2020-10-04T05:50:10.820Z;84;984,3;10,4;26,57
344;2020-10-04T06:00:10.812Z;84;984,3;10,4;26,57
345;2020-10-04T06:10:10.803Z;84;984,4;10,4;26,57
346;2020-10-04T06:20:10.795Z;84;984,5;10,4;26,57
347;2020-10-04T06:30:10.786Z;84,5;984,6;10,5;26,56
348;2020-10-04T06:40:10.776Z;84,5;984,8;10,5;26,56
349;2020-10-04T06:50:10.767Z;84,5;984,9;10,6;26,57
350;2020-10-04T07:00:10.759Z;84,5;984,9;10,7;26,57
351;2020-10-04T07:10:10.751Z;84,5;985,1;10,8;26,55
352;2020-10-04T07:20:10.742Z;84,5;985,2;10,9;26,56
353;2020-10-04T07:30:10.787Z;84,5;985,3;10,9;26,55
354;2020-10-04T07:40:10.725Z;84,5;985,3;11;26,54
355;2020-10-04T07:50:10.717Z;84,5;985,5;11,1;26,54
356;2020-10-04T08:00:10.707Z;84,5;985,6;11,2;26,55
357;2020-10-04T08:10:10.699Z;84,5;985,8;11,2;26,53
358;2020-10-04T08:20:10.690Z;84,5;986;11,2;26,53
359;2020-10-04T08:30:10.681Z;84,5;986,3;11,2;26,52
360;2020-10-04T08:40:10.673Z;84,5;986,6;11,2;26,52
361;2020-10-04T08:50:10.664Z;84,5;986,8;11,2;26,52
362;2020-10-04T09:00:10.655Z;84,5;987;11,2;26,53
363;2020-10-04T09:10:10.646Z;84,5;987,2;11,2;26,53
364;2020-10-04T09:20:10.638Z;84,5;987,4;11,2;26,53
365;2020-10-04T09:30:10.629Z;84,5;987,6;11,2;26,52
366;2020-10-04T09:40:10.653Z;84,5;987,9;11,3;26,53
367;2020-10-04T09:50:10.612Z;84,5;988,1;11,5;26,52
368;2020-10-04T10:00:10.604Z;84,5;988,3;11,9;26,51
369;2020-10-04T10:10:10.596Z;84;988,4;12,1;26,5
370;2020-10-04T10:20:10.588Z;84;988,7;12,2;26,48
371;2020-10-04T10:30:10.578Z;83,5;989;12,1;26,47
372;2020-10-04T10:40:10.569Z;83,5;989,1;12;26,47
373;2020-10-04T10:50:10.558Z;83,5;989,4;11,9;26,47
374;2020-10-04T11:00:10.551Z;83,5;989,6;11,9;26,47
375;2020-10-04T11:10:10.544Z;83,5;989,8;11,9;26,47
376;2020-10-04T11:20:10.534Z;83,5;989,8;12,6;26,46
377;2020-10-04T11:30:10.523Z;82,5;989,8;13,6;26,45
378;2020-10-04T11:40:10.517Z;81,5;989,8;14;26,41
379;2020-10-04T11:50:10.510Z;81;990;13,7;26,36
380;2020-10-04T12:00:10.497Z;81;990,1;13,3;26,35
381;2020-10-04T12:10:10.491Z;80,5;990,3;13,4;26,35
382;2020-10-04T12:20:10.481Z;80,5;990,4;13,4;26,35
383;2020-10-04T12:30:10.473Z;80;990,5;13,3;26,34
384;2020-10-04T12:40:10.464Z;80;990,4;13,5;26,32
385;2020-10-04T12:50:10.456Z;78,5;990,4;13,9;26,31
386;2020-10-04T13:00:10.446Z;78,5;990,6;13,8;26,29
387;2020-10-04T13:10:10.440Z;75;990,7;15,7;26,28
388;2020-10-04T13:20:10.430Z;73;991;15,5;26,29
389;2020-10-04T13:30:10.422Z;75;991,2;14,1;26,3
390;2020-10-04T13:40:10.414Z;76;991,3;13,9;26,31
391;2020-10-04T13:50:10.407Z;75,5;991,4;13,7;26,31
392;2020-10-04T14:00:10.400Z;75,5;991,5;13,6;26,32
393;2020-10-04T14:10:10.388Z;75,5;991,7;13,5;26,32
394;2020-10-04T14:30:10.372Z;75;991,6;13,3;26,33
395;2020-10-04T14:40:10.362Z;75;991,9;13,3;26,34
396;2020-10-04T14:50:10.378Z;75;992;13,2;26,34
397;2020-10-04T15:00:10.347Z;75;992,1;13,1;26,35
398;2020-10-04T15:10:10.340Z;75;992,2;13,1;26,36
399;2020-10-04T15:20:10.330Z;75;992,3;13;26,37
400;2020-10-04T15:30:10.356Z;75;992,3;13,1;26,37
401;2020-10-04T15:50:10.329Z;75;992,5;12,9;26,39
402;2020-10-04T16:00:10.294Z;75;992,5;12,9;26,4
403;2020-10-04T16:10:10.286Z;75;992,5;12,8;26,4
404;2020-10-04T16:20:10.312Z;75;992,6;12,7;26,41
405;2020-10-04T16:30:10.268Z;75;992,7;12,6;26,41
406;2020-10-04T16:40:10.259Z;75;992,8;12,6;26,41
407;2020-10-04T16:50:10.250Z;75;992,9;12,5;26,42
408;2020-10-04T17:00:10.243Z;75;992,9;12,4;26,44
409;2020-10-04T17:10:10.234Z;75,5;993,1;12,2;26,44
410;2020-10-04T17:20:10.228Z;75,5;993,2;12,1;26,45
411;2020-10-04T17:30:10.217Z;75,5;993,2;11,9;26,46
412;2020-10-04T17:40:10.209Z;75,5;993,2;11,8;26,47
413;2020-10-04T17:50:10.200Z;76;993,3;11,7;26,47
414;2020-10-04T18:00:10.191Z;76;993,3;11,5;26,48
415;2020-10-04T18:10:10.183Z;76;993,4;11,4;26,48
416;2020-10-04T18:20:10.173Z;76;993,4;11,3;26,5
417;2020-10-04T18:30:10.164Z;76;993,4;11,2;26,51
418;2020-10-04T18:40:10.156Z;76;993,5;11,2;26,51
419;2020-10-04T18:50:10.149Z;76;993,5;11,1;26,52
420;2020-10-04T19:00:10.140Z;76;993,5;11,1;26,52
421;2020-10-04T19:10:10.130Z;76;993,6;11;26,52
422;2020-10-04T19:20:10.123Z;76;993,6;11;26,53
423;2020-10-04T19:30:10.114Z;76;993,7;11;26,53
424;2020-10-04T19:40:10.105Z;76;993,7;10,9;26,54
425;2020-10-04T19:50:10.096Z;76;993,8;10,9;26,54
426;2020-10-04T20:00:10.087Z;76;994;10,9;26,54
427;2020-10-04T20:10:10.080Z;76,5;994,1;10,9;26,55
428;2020-10-04T20:20:25.086Z;76,5;971,8;10,8;26,55
429;2020-10-04T20:30:25.072Z;76,5;994,3;10,8;26,55
430;2020-10-04T20:40:25.065Z;76,5;994,3;10,8;26,55
431;2020-10-04T20:50:25.055Z;76,5;994,4;10,9;26,55
432;2020-10-04T21:00:25.047Z;76,5;994,4;10,9;26,55
433;2020-10-04T21:10:25.037Z;76,5;994,4;10,9;26,55
434;2020-10-04T21:20:25.029Z;76,5;994,3;10,9;26,55
435;2020-10-04T21:30:25.021Z;76,5;994,3;10,9;26,55
436;2020-10-04T21:50:25.003Z;76,5;994,3;10,9;26,55
437;2020-10-04T22:00:24.996Z;76,5;994,3;10,9;26,55
438;2020-10-04T22:10:24.986Z;76,5;994,3;10,9;26,55
439;2020-10-04T22:20:25.040Z;76,5;994,3;10,9;26,55
440;2020-10-04T22:30:24.970Z;76,5;994,3;10,9;26,55
441;2020-10-04T22:40:24.961Z;76,5;994,4;10,9;25,68
442;2020-10-04T22:50:24.952Z;76,5;994,5;10,9;26,55
443;2020-10-04T23:00:24.943Z;76,5;994,5;10,9;26,56
444;2020-10-04T23:10:24.936Z;76,5;994,5;10,8;26,55
445;2020-10-04T23:20:24.925Z;77;994,4;10,8;26,55
446;2020-10-04T23:30:24.915Z;77;994,4;10,8;26,56
447;2020-10-04T23:40:24.906Z;77;994,4;10,8;26,55
448;2020-10-04T23:50:24.918Z;77;994,6;10,8;26,56
449;2020-10-05T00:00:24.888Z;77;994,6;10,8;26,55
450;2020-10-05T00:10:24.880Z;77;994,6;10,7;26,56
451;2020-10-05T00:20:24.870Z;77;994,6;10,7;26,55
452;2020-10-05T00:30:24.861Z;77;994,7;10,7;26,56
453;2020-10-05T00:40:24.852Z;77;994,8;10,6;26,56
454;2020-10-05T00:50:24.846Z;77;994,8;10,6;26,56
455;2020-10-05T01:00:24.837Z;77;994,8;10,6;26,56
456;2020-10-05T01:10:24.828Z;77;994,8;10,6;26,56
457;2020-10-05T01:20:24.820Z;77,5;994,8;10,6;26,56
458;2020-10-05T01:30:24.810Z;77,5;994,7;10,6;26,56
459;2020-10-05T01:40:24.802Z;77,5;994,7;10,6;26,56
460;2020-10-05T01:50:24.791Z;77,5;994,7;10,6;26,57
461;2020-10-05T02:00:24.783Z;77,5;994,7;10,6;26,56
462;2020-10-05T02:10:24.797Z;77,5;994,6;10,6;26,56
463;2020-10-05T02:20:24.764Z;77,5;994,6;10,6;26,56
464;2020-10-05T02:30:24.758Z;77,5;994,6;10,7;26,56
465;2020-10-05T02:40:24.781Z;77,5;994,6;10,7;26,56
466;2020-10-05T02:50:24.740Z;77,5;994,6;10,7;26,55
467;2020-10-05T03:00:24.731Z;77,5;994,6;10,8;26,56
468;2020-10-05T03:10:24.722Z;77,5;994,7;10,8;26,56
469;2020-10-05T03:20:24.716Z;77,5;994,7;10,8;26,55
470;2020-10-05T03:30:24.706Z;77,5;994,7;10,9;26,55
471;2020-10-05T03:40:24.696Z;77,5;994,7;10,9;26,54
472;2020-10-05T03:50:24.689Z;77,5;994,7;11;26,54
473;2020-10-05T04:00:24.680Z;77,5;994,8;11;26,53
474;2020-10-05T04:10:24.670Z;77,5;994,8;11,1;26,53
475;2020-10-05T04:20:24.678Z;77,5;994,8;11,1;26,54
476;2020-10-05T04:30:24.651Z;77,5;994,8;11,2;26,53
477;2020-10-05T04:40:24.643Z;77,5;994,7;11,2;26,52
478;2020-10-05T04:50:24.665Z;77,5;994,7;11,2;26,53
479;2020-10-05T05:00:24.626Z;77;994,7;11,2;26,53
480;2020-10-05T05:10:24.619Z;77;994,6;11,1;26,53
481;2020-10-05T05:20:24.608Z;77;994,6;11,1;26,53
482;2020-10-05T05:30:24.600Z;77;994,6;11,1;26,52
483;2020-10-05T05:40:24.592Z;77;994,6;11,1;26,52
484;2020-10-05T05:50:24.581Z;77;994,6;11,1;26,52
485;2020-10-05T06:00:24.575Z;77;994,7;11;26,53
486;2020-10-05T06:10:24.567Z;77;994,7;11;26,52
487;2020-10-05T06:20:24.556Z;77;994,7;11;26,53
488;2020-10-05T06:30:24.548Z;77;994,7;11,1;26,53
489;2020-10-05T06:40:24.539Z;77;994,7;11,1;26,54
490;2020-10-05T06:50:24.531Z;77;994,8;11,1;26,52
491;2020-10-05T07:00:24.555Z;77;994,8;11,2;26,53
492;2020-10-05T07:10:24.511Z;77;994,8;11,3;26,52
493;2020-10-05T07:20:24.502Z;77;994,7;11,4;26,52
494;2020-10-05T07:30:24.495Z;76,5;994,8;11,6;26,51
495;2020-10-05T07:50:24.502Z;76,5;995;11,6;26,51
496;2020-10-05T08:00:24.468Z;77;995,1;11,5;26,51
497;2020-10-05T08:10:24.459Z;77;995,2;11,5;26,5
498;2020-10-05T08:20:24.450Z;77;995,2;11,6;26,5
499;2020-10-05T08:30:24.444Z;77;995,2;11,5;26,5
500;2020-10-05T08:40:24.436Z;77;995,3;11,5;26,48
501;2020-10-05T08:50:24.427Z;77,5;995,4;11,4;25,63
502;2020-10-05T09:00:24.417Z;78;995,6;11,2;26,51
503;2020-10-05T09:10:24.409Z;78;995,6;11,1;26,51
504;2020-10-05T09:20:24.400Z;78;995,7;10,9;26,51
505;2020-10-05T09:30:24.392Z;78,5;995,8;10,9;26,5
506;2020-10-05T09:40:24.381Z;78,5;995,9;10,8;26,51
507;2020-10-05T09:50:24.376Z;78,5;995,9;10,8;26,53
508;2020-10-05T10:00:24.364Z;79;995,9;10,9;26,53
509;2020-10-05T10:10:24.355Z;79;995,9;10,9;26,52
510;2020-10-05T10:20:24.347Z;79;996;10,9;26,52
511;2020-10-05T10:30:24.338Z;79,5;996;11;26,53
512;2020-10-05T10:40:24.352Z;79,5;996;11;26,53
513;2020-10-05T10:50:24.322Z;79,5;996;11,1;26,54
514;2020-10-05T11:00:24.311Z;79,5;996,1;11,1;26,54
515;2020-10-05T11:10:24.303Z;79,5;996,2;11,1;26,53
516;2020-10-05T11:20:24.295Z;79,5;996,2;11,1;26,53
517;2020-10-05T11:30:24.286Z;79,5;996,3;11,1;26,53
518;2020-10-05T11:40:24.278Z;79,5;996,3;11,1;26,53
519;2020-10-05T11:50:24.343Z;80;996,3;11,2;26,54
520;2020-10-05T12:00:24.259Z;80;996,2;11,3;26,53
521;2020-10-05T12:10:24.249Z;80;996,2;11,5;26,54
522;2020-10-05T12:20:24.242Z;80;996,2;11,6;26,52
523;2020-10-05T12:30:24.232Z;80;996,3;11,7;26,52
524;2020-10-05T12:40:24.225Z;80;996,3;11,7;26,52
525;2020-10-05T12:50:24.216Z;80;996,4;11,8;26,51
526;2020-10-05T13:00:24.206Z;80;996,3;11,9;26,51
527;2020-10-05T13:10:24.201Z;80;996,3;12;26,51
528;2020-10-05T13:20:24.190Z;80;996,3;12,1;26,5
529;2020-10-05T13:30:24.180Z;80;996,3;12,2;26,5
530;2020-10-05T13:40:24.172Z;80;996,3;12,3;26,49
531;2020-10-05T13:50:24.163Z;80;996,4;12,4;26,49
532;2020-10-05T14:00:24.155Z;80;996,4;12,5;26,48
533;2020-10-05T14:10:24.147Z;80;996,4;12,6;26,47
534;2020-10-05T14:30:24.129Z;80;996,5;12,6;26,47
535;2020-10-05T14:40:24.121Z;80;996,5;12,6;26,45
536;2020-10-05T14:50:24.112Z;80;996,5;12,6;26,45
537;2020-10-05T15:00:24.102Z;80,5;996,5;12,6;26,45
538;2020-10-05T15:10:24.124Z;80,5;996,6;12,6;26,46
539;2020-10-05T15:20:24.085Z;80,5;996,8;12,5;26,46
540;2020-10-05T15:30:24.078Z;80,5;996,8;12,5;26,46
541;2020-10-05T15:40:24.071Z;80,5;996,7;12,4;26,47
542;2020-10-05T15:50:24.063Z;81;997;12,4;26,47
543;2020-10-05T16:00:24.053Z;81;997,2;12,4;26,47
544;2020-10-05T16:10:24.044Z;81;997,2;12,3;26,47
545;2020-10-05T16:20:24.038Z;81;997,3;12,3;26,48
546;2020-10-05T16:30:24.029Z;81,5;997,3;12,4;26,96
547;2020-10-05T16:40:24.018Z;81,5;997,4;12,4;26,47
548;2020-10-05T16:50:24.010Z;81,5;997,4;12,4;26,48
549;2020-10-05T17:00:24.001Z;81,5;997,4;12,3;26,48
550;2020-10-05T17:10:23.996Z;81,5;997,5;12,3;26,48
551;2020-10-05T17:20:23.987Z;81,5;997,5;12,2;26,49
552;2020-10-05T17:30:24.009Z;81,5;997,5;12,2;26,5
553;2020-10-05T17:40:23.967Z;81,5;997,5;12,1;26,5
554;2020-10-05T17:50:23.959Z;81,5;997,6;12,1;26,5
555;2020-10-05T18:00:23.951Z;81,5;997,7;12;26,5
556;2020-10-05T18:10:23.942Z;82;997,7;12;26,5
557;2020-10-05T18:20:23.933Z;82;997,7;11,9;26,51
558;2020-10-05T18:30:23.927Z;82;997,8;11,8;26,5
559;2020-10-05T18:40:23.917Z;82;997,7;11,7;26,51
560;2020-10-05T18:50:23.909Z;82;997,6;11,7;26,51
561;2020-10-05T19:00:23.932Z;82;997,7;11,6;26,53
562;2020-10-05T19:10:23.892Z;82;997,7;11,6;26,52
563;2020-10-05T19:20:23.883Z;82;997,7;11,5;26,53
564;2020-10-05T19:30:23.875Z;82;997,6;11,5;26,52
565;2020-10-05T19:40:23.867Z;82;997,6;11,5;26,53
566;2020-10-05T19:50:23.857Z;82;997,6;11,5;26,54
567;2020-10-05T20:00:23.850Z;82;997,6;11,5;26,53
568;2020-10-05T20:10:23.840Z;82;997,5;11,5;26,54
569;2020-10-05T20:20:38.816Z;82,5;974,9;11,5;26,52
570;2020-10-05T20:30:38.803Z;82,5;997,3;11,5;26,52
571;2020-10-05T20:40:38.795Z;82,5;997,3;11,5;26,53
572;2020-10-05T20:50:38.786Z;82,5;997,2;11,5;26,54
573;2020-10-05T21:00:38.779Z;82,5;997,1;11,5;26,53
574;2020-10-05T21:10:38.769Z;82,5;996,9;11,5;26,53
575;2020-10-05T21:20:38.761Z;82,5;996,9;11,5;26,55
576;2020-10-05T21:30:38.753Z;82,5;996,9;11,5;25,68
577;2020-10-05T21:40:38.744Z;83;996,8;11,5;26,55
578;2020-10-05T21:50:38.735Z;83;996,7;11,5;26,55
579;2020-10-05T22:00:38.756Z;83;996,6;11,5;26,56
580;2020-10-05T22:10:38.719Z;83;996,6;11,5;26,56
581;2020-10-05T22:20:38.709Z;83;996,6;11,5;26,56
582;2020-10-05T22:30:38.701Z;83;996,7;11,5;26,56
583;2020-10-05T22:40:38.691Z;83;996,7;11,5;26,55
584;2020-10-05T22:50:38.684Z;83;996,6;11,5;26,56
585;2020-10-05T23:00:38.673Z;83;996,6;11,6;26,56
586;2020-10-05T23:10:38.666Z;83;996,5;11,6;26,55
587;2020-10-05T23:20:38.701Z;83;996,5;11,6;26,55
588;2020-10-05T23:30:38.649Z;83,5;996,5;11,7;26,55
589;2020-10-05T23:40:38.640Z;83,5;996,6;11,7;26,55
590;2020-10-05T23:50:38.631Z;83,5;996,6;11,8;26,55
591;2020-10-06T00:00:38.624Z;83,5;996,6;11,8;26,54
592;2020-10-06T00:10:38.659Z;83,5;996,5;11,8;26,54
593;2020-10-06T00:20:38.606Z;83,5;996,3;11,8;26,54
594;2020-10-06T00:30:38.597Z;83,5;996,1;11,9;26,55
595;2020-10-06T00:40:38.589Z;84;996,1;11,9;26,54
596;2020-10-06T00:50:38.581Z;84;996,1;11,9;26,55
597;2020-10-06T01:00:38.571Z;84;996;12;26,54
598;2020-10-06T01:10:38.565Z;84;995,9;12;26,55
599;2020-10-06T01:20:38.555Z;84;995,8;12;26,53
600;2020-10-06T01:30:38.548Z;84;995,9;12,1;26,53
601;2020-10-06T01:40:38.539Z;84;995,9;12,1;26,54
602;2020-10-06T01:50:38.528Z;84;996;12,2;26,54
603;2020-10-06T02:00:38.519Z;84,5;996,1;12,2;26,53
604;2020-10-06T02:10:38.511Z;84,5;996,1;12,3;26,52
605;2020-10-06T02:20:38.503Z;84,5;996;12,3;26,53
606;2020-10-06T02:30:38.495Z;84,5;996;12,4;26,52
607;2020-10-06T02:40:38.485Z;84,5;996;12,4;26,52
608;2020-10-06T02:50:38.478Z;84,5;996;12,4;26,53
609;2020-10-06T03:00:38.469Z;84,5;996;12,4;26,52
610;2020-10-06T03:20:38.484Z;84,5;996;12,4;26,52
611;2020-10-06T03:30:38.442Z;84,5;996;12,4;26,53
612;2020-10-06T03:40:38.436Z;84,5;996;12,4;26,52
613;2020-10-06T03:50:38.426Z;84,5;996;12,4;26,52
614;2020-10-06T04:00:38.418Z;84,5;996;12,4;26,52
615;2020-10-06T04:10:38.408Z;84,5;996;12,3;26,52
616;2020-10-06T04:20:38.401Z;84,5;996,2;12,3;26,52
617;2020-10-06T04:30:38.393Z;84,5;996,3;12,2;26,52
618;2020-10-06T04:40:38.386Z;84,5;996,3;12,1;26,53
619;2020-10-06T04:50:38.377Z;84,5;996,3;12;26,52
620;2020-10-06T05:00:38.368Z;84,5;996,3;11,9;26,53
621;2020-10-06T05:10:38.360Z;84,5;996,4;11,8;26,53
622;2020-10-06T05:20:38.354Z;84,5;996,4;11,7;26,53
623;2020-10-06T05:30:38.346Z;84,5;996,5;11,6;26,54
624;2020-10-06T05:40:38.336Z;84,5;996,5;11,5;26,54
625;2020-10-06T05:50:38.323Z;84,5;996,5;11,4;26,54
626;2020-10-06T06:00:38.315Z;84,5;996,6;11,4;26,55
627;2020-10-06T06:10:38.306Z;84,5;996,6;11,4;26,55
628;2020-10-06T06:20:38.296Z;84,5;996,7;11,5;26,55
629;2020-10-06T06:30:38.288Z;85;996,7;11,5;26,55
630;2020-10-06T06:40:38.279Z;85;996,7;11,5;26,55
631;2020-10-06T06:50:38.270Z;85;996,7;11,5;26,55
632;2020-10-06T07:00:38.263Z;85;996,6;11,5;26,55
633;2020-10-06T07:10:38.255Z;85;996,6;11,5;26,55
634;2020-10-06T07:20:38.246Z;85;996,6;11,5;26,55
635;2020-10-06T07:30:38.238Z;85;996,5;11,5;26,55
636;2020-10-06T07:40:38.258Z;85;996,3;11,5;26,55
637;2020-10-06T07:50:38.220Z;85;996,3;11,6;26,54
638;2020-10-06T08:00:38.210Z;85;996,2;11,7;26,55
639;2020-10-06T08:10:38.204Z;85;996,1;11,8;26,54
640;2020-10-06T08:20:38.196Z;85;996;11,8;26,54
641;2020-10-06T08:30:38.184Z;84,5;995,9;11,9;26,53
642;2020-10-06T08:40:38.176Z;84,5;995,8;11,9;26,53
643;2020-10-06T08:50:38.169Z;84,5;995,8;11,8;26,51
644;2020-10-06T09:00:38.159Z;84,5;995,7;11,8;26,52
645;2020-10-06T09:10:38.151Z;84,5;995,6;11,9;26,51
646;2020-10-06T09:20:38.141Z;84,5;995,7;12;26,52
647;2020-10-06T09:30:38.134Z;84,5;995,6;11,9;26,51
648;2020-10-06T09:40:38.147Z;84,5;995,6;11,9;26,5
649;2020-10-06T09:50:38.143Z;85;995,5;12;26,51
650;2020-10-06T10:00:38.108Z;85;995,4;12,2;26,5
651;2020-10-06T10:10:38.101Z;85;995,4;12,5;26,5
652;2020-10-06T10:20:38.091Z;85;995,4;12,5;26,48
653;2020-10-06T10:30:38.082Z;85;995,2;12,5;26,48
654;2020-10-06T10:40:38.074Z;85;995,1;12,5;26,48
655;2020-10-06T10:50:38.065Z;85;995;12,6;26,48
656;2020-10-06T11:00:38.057Z;85;994,9;12,8;26,48
657;2020-10-06T11:10:38.047Z;84,5;994,8;12,9;26,47
658;2020-10-06T11:20:38.071Z;85;994,7;13,2;26,45
659;2020-10-06T11:30:38.030Z;84,5;994,5;13,3;26,45
660;2020-10-06T11:40:38.024Z;84,5;994,5;13,4;26,43
661;2020-10-06T11:50:38.015Z;84,5;994,5;13,3;26,42
662;2020-10-06T12:00:38.006Z;84,5;994,5;13,2;26,43
663;2020-10-06T12:10:37.998Z;84,5;994,6;13,1;26,42
664;2020-10-06T12:20:37.990Z;85;994,5;13,1;26,42
665;2020-10-06T12:30:37.979Z;85;994,5;13,1;26,43
666;2020-10-06T12:40:37.970Z;85;994,4;13,2;26,43
667;2020-10-06T12:50:37.962Z;85;994,3;13,3;26,43
668;2020-10-06T13:00:37.956Z;85;994,3;13,2;26,43
669;2020-10-06T13:10:37.947Z;85;994,4;13,3;26,43
670;2020-10-06T13:20:37.937Z;85;994,5;13,3;26,43
671;2020-10-06T13:30:37.928Z;85;994,6;13,3;26,44
672;2020-10-06T13:40:37.921Z;85;994,6;13,3;26,43
673;2020-10-06T13:50:37.911Z;85;994,7;13,3;26,44
674;2020-10-06T14:00:37.971Z;85;995;13,2;26,44
675;2020-10-06T14:10:37.895Z;85;995,1;13,2;26,44
676;2020-10-06T14:20:37.886Z;85;995,2;13,2;26,45
677;2020-10-06T14:30:37.877Z;85;995,2;13,2;26,44
678;2020-10-06T14:40:37.871Z;85;995,2;13,3;26,44
679;2020-10-06T14:50:37.861Z;85,5;995,3;13,5;26,44
680;2020-10-06T15:00:37.882Z;85;995,3;13,5;26,44
681;2020-10-06T15:10:37.844Z;85;995,5;13,5;26,44
682;2020-10-06T15:20:37.849Z;85;995,6;13,4;26,43
683;2020-10-06T15:30:37.826Z;85;995,6;13,3;26,43
684;2020-10-06T15:40:37.820Z;85;995,6;13,2;26,43
685;2020-10-06T15:50:37.812Z;85;995,7;13,2;26,44
686;2020-10-06T16:00:37.802Z;85;995,6;13,1;26,43
687;2020-10-06T16:10:37.794Z;85;995,7;13,1;26,44
688;2020-10-06T16:20:37.784Z;85;995,7;13;26,44
689;2020-10-06T16:30:37.777Z;85;995,8;12,8;26,45
690;2020-10-06T16:40:37.800Z;85;995,8;12,7;26,45
691;2020-10-06T16:50:37.759Z;85;995,8;12,6;26,46
692;2020-10-06T17:00:37.752Z;85;995,9;12,5;26,46
693;2020-10-06T17:10:37.744Z;85;996;12,3;26,46
694;2020-10-06T17:20:37.734Z;85;996,1;12,2;26,48
695;2020-10-06T17:30:37.726Z;85;996,2;12;26,48
696;2020-10-06T17:40:37.717Z;85;996,3;11,9;26,48
697;2020-10-06T17:50:37.710Z;85;996,5;11,8;26,49
698;2020-10-06T18:00:37.701Z;85;996,5;11,7;26,5
699;2020-10-06T18:10:37.693Z;85;996,5;11,6;26,51
700;2020-10-06T18:20:37.686Z;85;996,6;11,6;26,51
701;2020-10-06T18:30:37.677Z;85;996,6;11,5;26,52
702;2020-10-06T18:40:37.667Z;85;996,7;11,5;26,52
703;2020-10-06T18:50:37.658Z;85;996,8;11,4;26,53
704;2020-10-06T19:00:37.651Z;85;996,8;11,3;26,53
705;2020-10-06T19:10:37.641Z;85;996,9;11,2;26,54
706;2020-10-06T19:20:37.632Z;85;996,9;11,2;26,54
707;2020-10-06T19:30:37.623Z;85;996,9;11,1;26,54
708;2020-10-06T19:40:37.616Z;85;996,9;11,1;26,55
709;2020-10-06T19:50:37.605Z;85;997;11;26,56
710;2020-10-06T20:00:37.599Z;85;997,1;11;26,56
711;2020-10-06T20:10:37.590Z;85;997,2;11;26,57
712;2020-10-06T20:20:52.594Z;85,5;974,8;11;26,54
713;2020-10-06T20:30:52.582Z;85;997,2;11,1;26,56
714;2020-10-06T20:40:52.573Z;85;997,2;11,1;26,56
715;2020-10-06T20:50:52.566Z;85;997,2;11,1;26,57
716;2020-10-06T21:00:52.588Z;85;997,2;11;26,56
717;2020-10-06T21:10:52.548Z;85;997,2;11;26,57
718;2020-10-06T21:20:52.540Z;85;997,3;11;26,56
719;2020-10-06T21:30:52.532Z;85;997,4;11;26,57
720;2020-10-06T21:40:52.523Z;85;997,5;11,1;26,57
721;2020-10-06T21:50:52.545Z;85,5;997,5;11,1;26,57
722;2020-10-06T22:00:52.506Z;85,5;997,5;11,1;26,57
723;2020-10-06T22:10:52.496Z;85,5;997,6;11,1;26,56
724;2020-10-06T22:20:52.489Z;85,5;997,6;11,1;26,57
725;2020-10-06T22:30:52.481Z;85,5;997,8;11,2;26,57
726;2020-10-06T22:40:52.470Z;85,5;997,9;11,2;26,58
727;2020-10-06T22:50:52.463Z;85,5;998;11,2;26,57
728;2020-10-06T23:00:52.497Z;85,5;998,1;11,3;26,57
729;2020-10-06T23:10:52.446Z;85,5;998,1;11,3;26,57
730;2020-10-06T23:20:52.437Z;85,5;998,2;11,3;26,56
731;2020-10-06T23:30:52.438Z;85,5;998,2;11,3;26,57
732;2020-10-06T23:40:52.420Z;85,5;998,4;11,3;26,57
733;2020-10-07T00:10:52.393Z;85,5;998,5;11,2;26,56
734;2020-10-07T00:20:52.414Z;85,5;998,7;11,2;26,57
735;2020-10-07T00:30:52.377Z;85,5;998,8;11,1;26,58
736;2020-10-07T00:40:52.368Z;85,5;998,9;11,1;26,57
737;2020-10-07T00:50:52.359Z;85,5;999;11,1;26,57
738;2020-10-07T01:00:52.352Z;85,5;999,1;11,1;26,57
739;2020-10-07T01:10:52.341Z;85,5;999,3;11,1;26,57
740;2020-10-07T01:20:52.332Z;85,5;999,3;11,1;26,57
741;2020-10-07T01:30:52.326Z;85,5;999,4;11,1;26,57
742;2020-10-07T01:40:52.317Z;85,5;999,4;11,1;26,58
743;2020-10-07T01:50:52.308Z;85,5;999,6;11;26,57
744;2020-10-07T02:00:52.301Z;85,5;999,6;11,1;26,57
745;2020-10-07T02:10:52.290Z;86;999,7;11,1;26,57
746;2020-10-07T02:20:52.282Z;86;999,8;11,1;26,57
747;2020-10-07T02:30:52.274Z;86;999,9;11,2;26,57
748;2020-10-07T02:40:52.300Z;86;1000,1;11,2;26,57
749;2020-10-07T02:50:52.256Z;86;1000,3;11,2;26,58
750;2020-10-07T03:00:52.247Z;86;1000,4;11,2;26,57
751;2020-10-07T03:20:52.229Z;86;1000,8;11,2;26,57
752;2020-10-07T03:30:52.221Z;86;1001;11,2;26,57
753;2020-10-07T03:40:52.212Z;86;1001,1;11,2;26,57
754;2020-10-07T03:50:52.205Z;86;1001,2;11,2;26,57
755;2020-10-07T04:00:52.197Z;86;1001,3;11,2;26,57
756;2020-10-07T04:10:52.188Z;86;1001,5;11,2;26,57
757;2020-10-07T04:20:52.207Z;86;1001,8;11,2;26,57
758;2020-10-07T04:30:52.171Z;86;1002;11,2;26,57
759;2020-10-07T04:40:52.163Z;86;1002,2;11,2;26,57
760;2020-10-07T04:50:52.153Z;86;1002,4;11,2;26,57
761;2020-10-07T05:00:52.145Z;86;1002,6;11,2;26,56
762;2020-10-07T05:10:52.138Z;86;1002,8;11,1;26,57
763;2020-10-07T05:20:52.127Z;86;1002,9;11;26,58
764;2020-10-07T05:40:52.110Z;86;1003,2;11;26,58
765;2020-10-07T05:50:52.101Z;86;1003,4;11;26,58
766;2020-10-07T06:00:52.124Z;86;1003,6;11;26,59
767;2020-10-07T06:10:52.084Z;86;1003,9;11;26,6
768;2020-10-07T06:20:52.076Z;86;1004,1;11,1;26,58
769;2020-10-07T06:30:52.068Z;86;1004,3;11,1;26,58
770;2020-10-07T06:40:52.058Z;86;1004,5;11;26,58
771;2020-10-07T06:50:52.049Z;86;1004,6;11;26,58
772;2020-10-07T07:00:52.041Z;86;1004,7;10,9;26,58
773;2020-10-07T07:10:52.034Z;86,5;1004,8;11;26,59
774;2020-10-07T07:20:52.025Z;86,5;1004,9;11,1;26,59
775;2020-10-07T07:30:52.047Z;86,5;1005;11,3;26,59
776;2020-10-07T07:40:52.006Z;86,5;1005,1;11,4;26,58
777;2020-10-07T07:50:51.999Z;86,5;1005,2;11,6;26,58
778;2020-10-07T08:00:51.989Z;86,5;1005,4;11,8;26,57
779;2020-10-07T08:10:51.980Z;86,5;1005,5;12;26,57
780;2020-10-07T08:20:51.972Z;86,5;1005,7;12,3;26,55
781;2020-10-07T08:30:51.966Z;86;1005,8;12,5;26,54
782;2020-10-07T08:40:51.957Z;86;1006;12,7;26,52
783;2020-10-07T08:50:51.948Z;86;1006,2;13,1;26,51
784;2020-10-07T09:00:51.939Z;86;1006,4;13,2;26,49
785;2020-10-07T09:10:51.932Z;86;1006,6;13,2;26,47
786;2020-10-07T09:20:51.922Z;86;1006,7;13,1;26,46
787;2020-10-07T09:30:51.915Z;86;1006,8;13;26,45
788;2020-10-07T09:40:51.906Z;86;1007;12,9;26,46
789;2020-10-07T09:50:51.896Z;86;1007;12,8;26,46
790;2020-10-07T10:00:51.887Z;86;1007,1;12,8;26,45
791;2020-10-07T10:10:51.880Z;86;1007,2;12,9;26,45
792;2020-10-07T10:20:51.873Z;86;1007,3;13;26,46
793;2020-10-07T10:30:51.866Z;86,5;1007,3;13,2;26,46
794;2020-10-07T10:40:51.856Z;86,5;1007,4;13,6;26,45
795;2020-10-07T10:50:51.847Z;86;1007,5;13,8;26,44
796;2020-10-07T11:00:51.840Z;86;1007,6;13,8;25,55
797;2020-10-07T11:10:51.830Z;86;1007,7;13,8;25,1
798;2020-10-07T11:20:51.857Z;86;1007,9;13,9;26,41
799;2020-10-07T11:30:51.813Z;86;1008;14;26,4
800;2020-10-07T11:40:51.805Z;86;1008,1;13,9;26,4
801;2020-10-07T11:50:51.795Z;86;1008,2;14;26,4
802;2020-10-07T12:00:51.788Z;86;1008,2;14;26,39
803;2020-10-07T12:10:51.778Z;86;1008,3;14;26,39
804;2020-10-07T12:20:51.770Z;85,5;1008,4;14,1;26,39
805;2020-10-07T12:30:51.763Z;85,5;1008,5;14,1;26,39
806;2020-10-07T12:40:51.753Z;85,5;1008,6;14,2;26,38
807;2020-10-07T12:50:51.746Z;85;1008,8;14,1;26,37
808;2020-10-07T13:00:51.737Z;85;1008,9;14;26,38
809;2020-10-07T13:10:51.729Z;85;1009,1;14;26,38
810;2020-10-07T13:20:51.721Z;85;1009,4;13,9;26,38
811;2020-10-07T13:30:51.711Z;85;1009,6;13,8;26,37
812;2020-10-07T13:40:51.703Z;85;1009,7;13,8;26,38
813;2020-10-07T13:50:51.695Z;85;1009,8;13,8;26,39
814;2020-10-07T14:00:51.686Z;85;1009,8;13,7;26,38
815;2020-10-07T14:10:51.678Z;84,5;1010;13,8;26,39
816;2020-10-07T14:20:51.671Z;84,5;1010;13,7;26,39
817;2020-10-07T14:30:51.662Z;84,5;1010;13,6;26,4
818;2020-10-07T14:40:51.653Z;84,5;1010,2;13,5;26,4
819;2020-10-07T14:50:51.642Z;84;1010,4;13,4;26,4
820;2020-10-07T15:00:51.636Z;84,5;1010,5;13,4;26,39
821;2020-10-07T15:10:51.628Z;84,5;1010,6;13,3;26,4
822;2020-10-07T15:20:51.618Z;84,5;1010,7;13,3;26,4
823;2020-10-07T15:30:51.610Z;84,5;1010,8;13,3;26,41
824;2020-10-07T15:40:51.604Z;84,5;1010,8;13,3;26,41
825;2020-10-07T15:50:51.594Z;84,5;1011;13,3;26,41
826;2020-10-07T16:00:51.585Z;84;1011,1;13,2;26,41
827;2020-10-07T16:10:51.578Z;84;1011,1;13,2;26,42
828;2020-10-07T16:20:51.569Z;84;1011,3;13,1;26,42
829;2020-10-07T16:30:51.560Z;84;1011,5;13;26,43
830;2020-10-07T16:40:51.551Z;84;1011,6;12,9;26,43
831;2020-10-07T16:50:51.544Z;84;1011,8;12,8;26,43
832;2020-10-07T17:00:51.536Z;84;1011,9;12,7;26,44
833;2020-10-07T17:10:51.525Z;84;1012,2;12,7;26,44
834;2020-10-07T17:20:51.518Z;84;1012,3;12,6;26,45
835;2020-10-07T17:30:51.509Z;84;1012,5;12,6;26,45
836;2020-10-07T17:40:51.499Z;84;1012,5;12,5;26,45
837;2020-10-07T17:50:51.490Z;84;1012,8;12,4;26,46
838;2020-10-07T18:00:51.480Z;84;1012,9;12,4;26,46
839;2020-10-07T18:10:51.495Z;84;1013,2;12,3;26,47
840;2020-10-07T18:20:51.467Z;84;1013,3;12,2;26,48
841;2020-10-07T18:30:51.458Z;84;1013,3;12,1;26,48
842;2020-10-07T18:40:51.449Z;84;1013,4;12;26,47
843;2020-10-07T18:50:51.440Z;84;1013,5;11,9;26,48
844;2020-10-07T19:00:51.431Z;84;1013,6;11,8;26,49
845;2020-10-07T19:10:51.423Z;84;1013,6;11,7;26,51
846;2020-10-07T19:20:51.414Z;84;1013,7;11,6;26,49
847;2020-10-07T19:30:51.435Z;84;1013,7;11,6;26,51
848;2020-10-07T19:40:51.397Z;84;1013,8;11,5;26,52
849;2020-10-07T19:50:51.389Z;84;1013,9;11,5;26,52
850;2020-10-07T20:00:51.381Z;84;1013,9;11,5;26,52
851;2020-10-07T20:10:51.372Z;84;1013,8;11,4;26,52
852;2020-10-07T20:21:06.350Z;84,5;991,2;11,3;26,53
853;2020-10-07T20:31:06.341Z;84;1014;11,3;26,53
854;2020-10-07T20:41:06.332Z;84;1014;11,2;26,53
855;2020-10-07T20:51:06.321Z;84;1014;11,1;26,54
856;2020-10-07T21:01:06.315Z;84;1014,1;11;26,54
857;2020-10-07T21:11:06.304Z;84;1014,1;10,9;26,54
858;2020-10-07T21:21:06.295Z;84;1014,2;10,8;26,56
859;2020-10-07T21:31:06.286Z;84;1014,2;10,7;26,56
860;2020-10-07T21:41:06.276Z;84;1014,2;10,6;26,57
861;2020-10-07T21:51:06.277Z;84;1014,2;10,5;26,57
862;2020-10-07T22:01:06.260Z;84;1014,2;10,4;26,58
863;2020-10-07T22:11:06.253Z;84;1014,2;10,3;26,58
864;2020-10-07T22:21:06.245Z;84;1014,1;10,2;26,59
865;2020-10-07T22:31:06.236Z;84;1014,1;10,2;26,6
866;2020-10-07T22:41:06.228Z;84;1014,2;10,2;26,59
867;2020-10-07T22:51:06.218Z;84;1014,2;10,2;26,61
868;2020-10-07T23:01:06.210Z;84,5;1014,3;10,2;26,61
869;2020-10-07T23:11:06.201Z;84,5;1014,3;10,2;26,61
870;2020-10-07T23:21:06.191Z;84;1014,2;10,3;26,61
871;2020-10-07T23:31:06.183Z;84;1014,3;10,2;26,61
872;2020-10-07T23:41:06.202Z;84;1014,3;10,2;26,61
873;2020-10-07T23:51:06.166Z;84;1014,3;10,2;26,61
874;2020-10-08T00:01:06.159Z;84;1014,3;10,2;26,61
875;2020-10-08T00:11:06.148Z;84;1014,2;10,2;26,62
876;2020-10-08T00:21:06.139Z;84;1014,1;10,2;26,62
877;2020-10-08T00:31:06.131Z;84;1014,1;10,2;26,62
878;2020-10-08T00:41:06.123Z;84;1014,1;10,2;26,61
879;2020-10-08T00:51:06.115Z;84;1014,1;10,2;26,61
880;2020-10-08T01:01:06.106Z;84;1014,1;10,1;26,61
881;2020-10-08T01:11:06.096Z;84;1014;10,1;26,62
882;2020-10-08T01:21:06.088Z;84;1013,9;10,1;26,61
883;2020-10-08T01:31:06.079Z;84;1013,9;10,1;26,61
884;2020-10-08T01:41:06.069Z;84;1013,7;10,1;26,62
885;2020-10-08T01:51:06.060Z;84;1013,6;10,1;26,62
886;2020-10-08T02:01:06.052Z;84;1013,8;10,1;26,61
887;2020-10-08T02:11:06.046Z;84;1013,7;10,1;26,62
888;2020-10-08T02:21:06.034Z;84;1013,7;10,1;26,61
889;2020-10-08T02:31:06.026Z;84;1013,6;10,1;26,62
890;2020-10-08T02:41:06.018Z;84;1013,5;10,1;26,61
891;2020-10-08T02:51:06.010Z;84;1013,5;10,1;26,61
892;2020-10-08T03:01:06.001Z;84;1013,2;10,1;26,61
893;2020-10-08T03:11:05.992Z;84;1013,1;10,2;26,61
894;2020-10-08T03:21:05.983Z;84;1012,8;10,2;26,61
895;2020-10-08T03:31:05.976Z;84;1012,7;10,2;26,61
896;2020-10-08T03:41:05.966Z;84,5;1012,6;10,2;26,61
897;2020-10-08T03:51:05.958Z;84,5;1012,5;10,3;26,6
898;2020-10-08T04:01:05.950Z;84,5;1012,3;10,3;26,6
899;2020-10-08T04:11:05.941Z;84,5;1012,1;10,3;26,59
900;2020-10-08T04:21:05.930Z;84,5;1012;10,4;26,59
901;2020-10-08T04:31:05.922Z;84,5;1011,8;10,4;26,6
902;2020-10-08T04:41:05.913Z;84,5;1011,6;10,4;26,6
903;2020-10-08T04:51:05.904Z;84,5;1011,4;10,4;26,6
904;2020-10-08T05:01:05.896Z;84,5;1011,2;10,5;26,59
905;2020-10-08T05:11:05.887Z;85;1011,1;10,5;26,59
906;2020-10-08T05:21:05.947Z;85;1011;10,5;26,58
907;2020-10-08T05:31:05.870Z;85;1010,7;10,5;26,59
908;2020-10-08T05:41:05.861Z;85;1010,4;10,5;26,59
909;2020-10-08T05:51:05.853Z;85;1010,3;10,5;26,59
910;2020-10-08T06:01:05.845Z;85;1010;10,5;26,58
911;2020-10-08T06:11:05.836Z;85;1009,9;10,5;26,58
912;2020-10-08T06:21:05.827Z;85;1009,8;10,6;26,58
913;2020-10-08T06:31:05.818Z;85,5;1009,6;10,7;26,59
914;2020-10-08T06:41:05.811Z;85,5;1009,5;10,8;26,59
915;2020-10-08T06:51:05.800Z;85,5;1009,4;10,9;26,57
916;2020-10-08T07:01:05.794Z;85,5;1009,2;11;26,58
917;2020-10-08T07:11:05.784Z;85,5;1008,9;11,1;26,58
918;2020-10-08T07:21:05.775Z;86;1008,8;11,2;26,57
919;2020-10-08T07:31:05.766Z;86;1008,7;11,3;26,57
920;2020-10-08T07:41:05.758Z;86;1008,5;11,4;26,57
921;2020-10-08T07:51:05.750Z;86;1008,3;11,5;26,56
922;2020-10-08T08:01:05.739Z;86;1008,2;11,7;26,55
923;2020-10-08T08:11:05.743Z;86;1008,1;11,8;26,56
924;2020-10-08T08:21:05.723Z;86;1008;11,9;26,55
925;2020-10-08T08:31:05.715Z;86,5;1008;12,1;26,55
926;2020-10-08T08:41:05.705Z;86,5;1007,8;12,2;26,55
927;2020-10-08T08:51:05.697Z;86,5;1007,8;12,4;26,55
928;2020-10-08T09:01:05.690Z;86,5;1007,8;12,5;26,54
929;2020-10-08T09:11:05.682Z;86,5;1007,8;12,7;26,54
930;2020-10-08T09:21:05.674Z;86,5;1007,7;12,8;26,53
931;2020-10-08T09:31:05.664Z;87;1007,6;13;26,52
932;2020-10-08T09:41:05.656Z;87;1007,6;13,2;26,52
933;2020-10-08T09:51:05.647Z;87;1007,4;13,4;26,5
934;2020-10-08T10:01:05.639Z;87;1007,3;13,5;26,5
935;2020-10-08T10:11:05.629Z;87;1007,3;13,6;26,48
936;2020-10-08T10:21:05.621Z;87;1007,2;13,7;26,48
937;2020-10-08T10:31:05.613Z;87;1007,1;13,7;26,47
938;2020-10-08T10:41:05.604Z;87;1007,1;13,7;26,47
939;2020-10-08T10:51:05.596Z;87;1007;13,8;26,46
940;2020-10-08T11:01:05.587Z;87;1007;13,9;26,47
941;2020-10-08T11:11:05.578Z;87;1007;14;26,45
942;2020-10-08T11:21:05.569Z;87;1007;14,1;26,45
943;2020-10-08T11:41:05.554Z;87;1007;14,2;26,45
944;2020-10-08T11:51:05.575Z;87;1007;14,3;26,45
945;2020-10-08T12:01:05.536Z;87;1007;14,3;26,45
946;2020-10-08T12:11:05.528Z;87;1007;14,3;26,45
947;2020-10-08T12:21:05.520Z;87;1007,1;14,3;26,44
948;2020-10-08T12:31:05.511Z;87;1007,1;14,4;26,45
949;2020-10-08T12:41:05.503Z;87;1007,1;14,4;26,45
950;2020-10-08T12:51:05.495Z;87,5;1007,1;14,4;26,46
951;2020-10-08T13:01:05.488Z;87;1007;14,5;26,46
952;2020-10-08T13:11:05.477Z;87;1007,1;14,5;26,45
953;2020-10-08T13:21:05.468Z;87,5;1007;14,5;26,45
954;2020-10-08T13:31:05.461Z;87,5;1007;14,5;26,45
955;2020-10-08T13:41:05.451Z;87,5;1007;14,6;26,45
956;2020-10-08T13:51:05.444Z;87,5;1007;14,6;26,45
957;2020-10-08T14:01:05.436Z;87,5;1006,9;14,6;26,45
958;2020-10-08T14:11:05.426Z;87,5;1006,9;14,6;26,45
959;2020-10-08T14:21:05.419Z;87,5;1006,9;14,7;26,45
960;2020-10-08T14:31:05.411Z;87,5;1007;14,7;26,45
961;2020-10-08T14:41:05.404Z;87,5;1006,9;14,7;26,46
962;2020-10-08T14:51:05.418Z;87,5;1006,9;14,7;26,46
963;2020-10-08T15:01:05.385Z;87,5;1006,8;14,7;26,46
964;2020-10-08T15:11:05.379Z;87,5;1006,7;14,7;26,46
965;2020-10-08T15:21:05.369Z;87,5;1006,7;14,7;26,46
966;2020-10-08T15:31:05.360Z;87,5;1006,8;14,7;26,45
967;2020-10-08T15:41:05.352Z;87,5;1006,8;14,8;26,46
968;2020-10-08T15:51:05.344Z;87,5;1006,8;14,8;26,46
969;2020-10-08T16:01:05.335Z;87,5;1006,9;14,8;26,47
970;2020-10-08T16:11:05.328Z;87,5;1007;14,8;26,47
971;2020-10-08T16:21:05.319Z;87,5;1007,1;14,8;26,47
972;2020-10-08T16:31:05.310Z;87,5;1007,2;14,9;26,46
973;2020-10-08T16:41:05.303Z;87,5;1007,3;14,9;26,45
974;2020-10-08T16:51:05.293Z;87,5;1007,4;14,9;26,41
975;2020-10-08T17:01:05.284Z;87,5;1007,7;15;26,4
976;2020-10-08T17:11:05.276Z;87,5;1008,1;15;26,39
977;2020-10-08T17:21:05.267Z;87,5;1008,4;14,9;26,41
978;2020-10-08T17:31:05.261Z;87,5;1008,7;14,7;26,4
979;2020-10-08T17:41:05.250Z;87,5;1008,9;14,5;26,41
980;2020-10-08T17:51:05.243Z;87,5;1009,1;14,4;26,41
981;2020-10-08T18:01:05.234Z;87,5;1009,3;14,2;26,42
982;2020-10-08T18:11:05.226Z;87,5;1009,6;14,1;26,42
983;2020-10-08T18:21:05.247Z;87,5;1010;14;26,42
984;2020-10-08T18:31:05.210Z;87,5;1010,3;13,9;26,42
985;2020-10-08T18:41:05.201Z;87,5;1010,7;13,8;26,44
986;2020-10-08T18:51:05.194Z;87,5;1011,1;13,7;26,44
987;2020-10-08T19:01:05.187Z;87,5;1011,4;13,6;26,44
988;2020-10-08T19:11:05.177Z;87;1011,6;13,4;26,45
989;2020-10-08T19:21:05.167Z;87;1011,9;13,3;26,45
990;2020-10-08T19:31:05.159Z;87;1012;13,2;26,46
991;2020-10-08T19:41:05.152Z;87;1012,1;13;26,47
992;2020-10-08T19:51:05.141Z;87;1012,3;12,9;26,47
993;2020-10-08T20:01:05.133Z;87;1012,6;12,8;26,48
994;2020-10-08T20:11:05.124Z;87;1012,9;12,7;26,48
995;2020-10-08T20:21:20.116Z;87,5;990,5;12,6;26,47
996;2020-10-08T20:31:20.101Z;87;1013,3;12,5;26,47
997;2020-10-08T20:41:20.094Z;87;1013,6;12,5;26,49
998;2020-10-08T20:51:20.086Z;87;1013,8;12,4;26,5
999;2020-10-08T21:01:20.077Z;87,5;1013,9;12,3;26,49
1000;2020-10-08T21:11:20.069Z;87,5;1014,1;12,3;26,5
1001;2020-10-08T21:21:20.060Z;87;1014,3;12,2;26,5
1002;2020-10-08T21:31:20.053Z;87;1014,4;12,1;26,5
1003;2020-10-08T21:41:20.045Z;87;1014,4;12,1;26,52
1004;2020-10-08T21:51:20.036Z;87;1014,4;12;26,51
1005;2020-10-08T22:01:20.028Z;87;1014,7;11,9;26,51
1006;2020-10-08T22:11:20.017Z;87,5;1014,7;11,9;26,52
1007;2020-10-08T22:21:20.008Z;87,5;1014,8;11,8;26,51
1008;2020-10-08T22:31:20.001Z;87,5;1014,8;11,8;26,53
1009;2020-10-08T22:41:19.994Z;87,5;1015;11,8;26,52
1010;2020-10-08T22:51:19.986Z;87,5;1015,1;11,7;26,53
1011;2020-10-08T23:01:19.978Z;87,5;1015,2;11,7;26,53
1012;2020-10-08T23:11:19.969Z;87,5;1015,2;11,7;26,53
1013;2020-10-08T23:21:19.959Z;87,5;1015,4;11,6;26,54
1014;2020-10-08T23:31:19.950Z;87,5;1015,4;11,6;26,53
1015;2020-10-08T23:41:19.942Z;87;1015,5;11,6;26,54
1016;2020-10-08T23:51:19.936Z;87;1015,5;11,5;26,54
1017;2020-10-09T00:01:19.927Z;87;1015,5;11,5;26,55
1018;2020-10-09T00:11:19.918Z;87;1015,6;11,4;26,55
1019;2020-10-09T00:21:19.908Z;87;1015,7;11,3;26,55
1020;2020-10-09T00:31:19.901Z;87;1015,7;11,3;26,55
1021;2020-10-09T00:41:19.893Z;87;1015,7;11,2;26,55
1022;2020-10-09T00:51:19.929Z;87;1015,8;11,2;26,56
1023;2020-10-09T01:01:19.875Z;87,5;1015,9;11,2;26,56
1024;2020-10-09T01:11:19.868Z;87;1016;11,2;26,56
1025;2020-10-09T01:21:19.859Z;87;1016;11,2;26,56
1026;2020-10-09T01:31:19.851Z;87,5;1016;11,1;26,56
1027;2020-10-09T01:41:19.842Z;87,5;1016,1;11,1;26,57
1028;2020-10-09T01:51:19.835Z;87;1016;11,1;26,57
1029;2020-10-09T02:01:19.825Z;87;1016,1;11;26,57
1030;2020-10-09T02:11:19.816Z;87,5;1016,2;11;26,57
1031;2020-10-09T02:21:19.806Z;87,5;1016,2;11;26,57
1032;2020-10-09T02:31:19.797Z;87,5;1016,1;11;26,58
1033;2020-10-09T02:41:19.788Z;87,5;1016,1;10,9;26,58
1034;2020-10-09T02:51:19.779Z;87,5;1016,2;10,9;26,58
1035;2020-10-09T03:01:19.771Z;87,5;1016,2;10,9;26,58
1036;2020-10-09T03:11:19.763Z;87,5;1016,1;10,9;26,59
1037;2020-10-09T03:21:19.753Z;87,5;1016,1;10,8;26,58
1038;2020-10-09T03:31:19.746Z;87,5;1016,1;10,8;26,59
1039;2020-10-09T03:41:19.738Z;87,5;1016,1;10,8;26,58
1040;2020-10-09T03:51:19.729Z;87,5;1016,1;10,8;26,59
1041;2020-10-09T04:01:19.746Z;87,5;1016,1;10,8;26,58
1042;2020-10-09T04:11:19.712Z;87,5;1016,2;10,7;26,59
1043;2020-10-09T04:21:19.708Z;87,5;1016,2;10,7;26,59
1044;2020-10-09T04:31:19.694Z;87,5;1016,3;10,7;26,6
1045;2020-10-09T04:41:19.686Z;87,5;1016,3;10,7;26,59
1046;2020-10-09T04:51:19.677Z;87,5;1016,3;10,7;26,6
1047;2020-10-09T05:01:19.668Z;87,5;1016,2;10,7;26,59
1048;2020-10-09T05:11:19.661Z;87,5;1016,2;10,7;26,59
1049;2020-10-09T05:31:19.646Z;87,5;1016,3;10,7;26,6
1050;2020-10-09T05:41:19.635Z;87,5;1016,3;10,7;26,6
1051;2020-10-09T05:51:19.628Z;87,5;1016,3;10,7;26,6
1052;2020-10-09T06:01:19.619Z;87,5;1016,3;10,7;26,6
1053;2020-10-09T06:11:19.610Z;87,5;1016,3;10,7;26,61
1054;2020-10-09T06:21:19.634Z;87,5;1016,3;10,7;26,6
1055;2020-10-09T06:31:19.594Z;87,5;1016,4;10,7;26,6
1056;2020-10-09T06:41:19.586Z;87,5;1016,4;10,7;26,61
1057;2020-10-09T06:51:19.577Z;87,5;1016,4;10,8;26,61
1058;2020-10-09T07:01:19.568Z;87,5;1016,3;10,8;26,6
1059;2020-10-09T07:11:19.560Z;87,5;1016,3;10,9;26,6
1060;2020-10-09T07:21:19.549Z;87,5;1016,3;10,9;26,59
1061;2020-10-09T07:31:19.542Z;87,5;1016,3;11;26,59
1062;2020-10-09T07:41:19.533Z;87,5;1016,3;11;26,6
1063;2020-10-09T07:51:19.525Z;87,5;1016,4;11,1;26,59
1064;2020-10-09T08:01:19.517Z;87,5;1016,4;11,2;26,59
1065;2020-10-09T08:11:19.510Z;87,5;1016,4;11,2;26,58
1066;2020-10-09T08:21:19.501Z;87,5;1016,3;11,3;26,58
1067;2020-10-09T08:31:19.492Z;87,5;1016,3;11,4;26,57
1068;2020-10-09T08:41:19.483Z;87,5;1016,3;11,5;26,57
1069;2020-10-09T08:51:19.509Z;87,5;1016,2;11,7;26,57
1070;2020-10-09T09:01:19.465Z;87,5;1016,4;11,9;26,56
1071;2020-10-09T09:11:19.457Z;87,5;1016,4;12;26,54
1072;2020-10-09T09:21:19.448Z;87,5;1016,3;12,2;26,54
1073;2020-10-09T09:31:19.441Z;87,5;1016,2;12,2;26,53
1074;2020-10-09T09:41:19.433Z;87,5;1015,9;12,3;26,52
1075;2020-10-09T09:51:19.425Z;87,5;1016;12,5;26,51
1076;2020-10-09T10:01:19.417Z;87,5;1015,9;12,6;26,51
1077;2020-10-09T10:11:19.407Z;87,5;1015,8;12,7;26,5
1078;2020-10-09T10:21:19.433Z;87;1015,8;12,8;26,48
1079;2020-10-09T10:31:19.391Z;87,5;1015,8;12,9;26,49
1080;2020-10-09T10:41:19.383Z;87,5;1015,7;12,9;26,48
1081;2020-10-09T10:51:19.375Z;87,5;1015,7;13;26,47
1082;2020-10-09T11:01:19.365Z;87;1015,7;13;26,46
1083;2020-10-09T11:11:19.358Z;87;1015,7;13;26,45
1084;2020-10-09T11:21:19.349Z;87;1015,6;13,1;26,46
1085;2020-10-09T11:31:19.339Z;87;1015,6;13,2;26,46
1086;2020-10-09T11:41:19.332Z;87;1015,5;13,2;26,45
1087;2020-10-09T11:51:19.323Z;87;1015,4;13,2;26,45
1088;2020-10-09T12:01:19.314Z;87;1015,4;13,4;26,44
1089;2020-10-09T12:11:19.305Z;87;1015,2;13,6;26,44
1090;2020-10-09T12:21:19.298Z;87;1015;14,1;26,4
1091;2020-10-09T12:31:19.289Z;86,5;1014,9;14,3;26,35
1092;2020-10-09T12:41:19.282Z;86,5;1014,9;14,3;26,3
1093;2020-10-09T12:51:19.273Z;86,5;1014,7;14,3;26,29
1094;2020-10-09T13:01:19.266Z;86;1014,7;14,4;26,27
1095;2020-10-09T13:11:19.256Z;85,5;1014,7;14;26,29
1096;2020-10-09T13:21:19.249Z;85,5;1014,7;13,7;26,3
1097;2020-10-09T13:31:19.240Z;85,5;1014,6;13,5;26,31
1098;2020-10-09T13:41:19.229Z;85,5;1014,6;13,4;26,32
1099;2020-10-09T13:51:19.223Z;85,5;1014,5;13,4;26,33
1100;2020-10-09T14:01:19.214Z;85,5;1014,6;13,4;26,34
1101;2020-10-09T14:11:19.205Z;85,5;1014,6;13,3;26,35
1102;2020-10-09T14:21:19.198Z;85,5;1014,5;13,1;26,36
1103;2020-10-09T14:31:19.189Z;85,5;1014,4;13;26,37
1104;2020-10-09T14:41:19.182Z;85,5;1014,4;13,1;26,38
1105;2020-10-09T14:51:19.171Z;85,5;1014,4;13,1;26,38
1106;2020-10-09T15:01:19.162Z;85,5;1014,3;13,1;26,39
1107;2020-10-09T15:11:19.156Z;85;1014,2;13,1;26,39
1108;2020-10-09T15:21:19.225Z;85;1014,2;13,1;26,41
1109;2020-10-09T15:31:19.139Z;85;1014,2;13;26,41
1110;2020-10-09T15:41:19.130Z;84,5;1014,3;12,9;26,41
1111;2020-10-09T15:51:19.122Z;84,5;1014,3;12,7;26,41
1112;2020-10-09T16:01:19.113Z;84,5;1014,2;12,5;26,43
1113;2020-10-09T16:11:19.104Z;84,5;1014,2;12,4;26,43
1114;2020-10-09T16:21:19.098Z;84,5;1014,2;12,2;26,44
1115;2020-10-09T16:31:19.088Z;84,5;1014,3;12;26,45
1116;2020-10-09T16:41:19.081Z;84,5;1014,4;11,9;26,45
1117;2020-10-09T16:51:19.071Z;84,5;1014,4;11,7;26,47
1118;2020-10-09T17:01:19.062Z;84,5;1014,3;11,5;26,47
1119;2020-10-09T17:11:19.053Z;84,5;1014,3;11,3;26,49
1120;2020-10-09T17:21:19.046Z;84,5;1014,4;11,1;26,5
1121;2020-10-09T17:31:19.037Z;84,5;1014,4;10,9;26,51
1122;2020-10-09T17:41:19.030Z;84,5;1014,5;10,7;26,52
1123;2020-10-09T17:51:19.020Z;84,5;1014,5;10,6;26,54
1124;2020-10-09T18:01:19.010Z;84,5;1014,5;10,5;26,55
1125;2020-10-09T18:11:19.003Z;84,5;1014,4;10,4;26,56
1126;2020-10-09T18:21:18.993Z;84,5;1014,3;10,3;26,57
1127;2020-10-09T18:31:18.985Z;84,5;1014,3;10,2;26,58
1128;2020-10-09T18:41:18.977Z;84,5;1014,2;10,1;26,59
1129;2020-10-09T18:51:18.969Z;84,5;1014,2;10;26,59
1130;2020-10-09T19:01:18.959Z;84,5;1014,1;9,9;26,59
1131;2020-10-09T19:11:18.951Z;84,5;1014,1;9,9;26,61
1132;2020-10-09T19:21:18.941Z;84,5;1014;9,8;26,62
1133;2020-10-09T19:31:18.934Z;84,5;1014;9,8;26,62
1134;2020-10-09T19:41:18.926Z;84,5;1014;9,8;26,62
1135;2020-10-09T19:51:18.918Z;84,5;1014;9,8;26,63
1136;2020-10-09T20:01:18.909Z;84,5;1014;9,8;26,64
1137;2020-10-09T20:11:18.930Z;84,5;1013,9;9,9;26,64
1138;2020-10-09T20:21:33.881Z;84,5;991,4;9,9;26,63
1139;2020-10-09T20:31:33.870Z;84,5;1014;9,9;26,64
1140;2020-10-09T20:41:33.865Z;84,5;1014,2;10;26,63
1141;2020-10-09T20:51:33.854Z;84,5;1014,3;10,1;26,63
1142;2020-10-09T21:01:33.907Z;84,5;1014,3;10,1;26,63
1143;2020-10-09T21:11:33.836Z;84,5;1014,4;10,1;26,63
1144;2020-10-09T21:21:33.829Z;84,5;1014,4;10,1;26,62
1145;2020-10-09T21:31:33.820Z;84,5;1014,5;10,1;26,63
1146;2020-10-09T21:41:33.810Z;84,5;1014,6;10;26,63
1147;2020-10-09T21:51:33.802Z;85;1014,7;9,9;26,63
1148;2020-10-09T22:01:33.791Z;85;1014,9;9,9;26,63
1149;2020-10-09T22:11:33.783Z;85;1014,9;9,8;26,64
1150;2020-10-09T22:21:33.776Z;85;1014,8;9,8;26,64
1151;2020-10-09T22:31:33.767Z;85;1014,6;9,7;26,64
1152;2020-10-09T22:41:33.759Z;85;1014,5;9,7;26,64
1153;2020-10-09T22:51:33.749Z;85;1014,5;9,7;26,65
1154;2020-10-09T23:01:33.740Z;85;1014,6;9,6;26,66
1155;2020-10-09T23:11:33.733Z;85;1014,6;9,6;26,65
1156;2020-10-09T23:21:33.723Z;85;1014,6;9,5;26,66
1157;2020-10-09T23:31:33.715Z;85;1014,7;9,4;26,66
1158;2020-10-09T23:41:33.706Z;85;1014,8;9,2;26,66
1159;2020-10-09T23:51:33.697Z;85;1014,8;9,1;26,67
1160;2020-10-10T00:01:33.721Z;85;1014,9;9;26,67
1161;2020-10-10T00:11:33.681Z;85;1014,9;8,9;26,68
1162;2020-10-10T00:21:33.671Z;85;1014,9;8,9;26,68
1163;2020-10-10T00:31:33.663Z;85;1015,1;8,8;26,7
1164;2020-10-10T00:41:33.652Z;85;1015,1;8,8;26,69
1165;2020-10-10T00:51:33.646Z;85;1015,1;8,8;26,7
1166;2020-10-10T01:01:33.635Z;85;1015,2;8,7;26,7
1167;2020-10-10T01:11:33.627Z;85;1015,2;8,7;26,71
1168;2020-10-10T01:21:33.619Z;85;1015,4;8,6;26,72
1169;2020-10-10T01:31:33.635Z;85;1015,5;8,7;26,71
1170;2020-10-10T01:41:33.600Z;85,5;1015,4;8,7;26,72
1171;2020-10-10T01:51:33.592Z;85;1015,3;8,6;26,72
1172;2020-10-10T02:01:33.583Z;85;1015,3;8,5;26,72
1173;2020-10-10T02:11:33.576Z;85;1015,3;8,3;26,72
1174;2020-10-10T02:21:33.567Z;85;1015,3;8,2;26,72
1175;2020-10-10T02:31:33.558Z;85;1015,2;8,2;26,73
1176;2020-10-10T02:41:33.549Z;85;1015,2;8,1;26,74
1177;2020-10-10T02:51:33.539Z;85;1015,3;8;26,74
1178;2020-10-10T03:01:33.530Z;85;1015,3;7,9;26,75
1179;2020-10-10T03:21:33.513Z;85;1015,3;7,7;26,75
1180;2020-10-10T03:31:33.505Z;85;1015,4;7,7;26,76
1181;2020-10-10T03:41:33.496Z;85;1015,5;7,6;26,76
1182;2020-10-10T03:51:33.487Z;85;1015,5;7,5;26,77
1183;2020-10-10T04:01:33.477Z;85;1015,5;7,4;26,77
1184;2020-10-10T04:11:33.470Z;85;1015,5;7,3;26,78
1185;2020-10-10T04:21:33.461Z;85;1015,6;7,3;26,78
1186;2020-10-10T04:31:33.451Z;85;1015,6;7,2;26,78
1187;2020-10-10T04:41:33.441Z;85;1015,6;7,1;26,79
1188;2020-10-10T04:51:33.432Z;85;1015,7;7,1;26,79
1189;2020-10-10T05:01:33.425Z;85;1015,6;7;26,81
1190;2020-10-10T05:21:33.408Z;85,5;1015,8;6,9;26,81
1191;2020-10-10T05:31:33.397Z;85,5;1015,8;6,9;26,8
1192;2020-10-10T05:41:33.421Z;85,5;1015,8;6,8;26,82
1193;2020-10-10T06:01:33.371Z;85,5;1016;6,8;26,82
1194;2020-10-10T06:11:33.360Z;85,5;1016,2;6,7;26,82
1195;2020-10-10T06:21:33.352Z;85,5;1016,3;6,8;26,82
1196;2020-10-10T06:31:33.343Z;85,5;1016,3;6,8;26,83
1197;2020-10-10T06:41:33.334Z;85,5;1016,4;6,8;26,83
1198;2020-10-10T06:51:33.325Z;85,5;1016,4;6,8;26,83
1199;2020-10-10T07:01:33.317Z;85,5;1016,5;6,8;26,83
1200;2020-10-10T07:11:33.309Z;85,5;1016,5;6,9;26,83
1201;2020-10-10T07:21:33.301Z;85,5;1016,6;7;26,83
1202;2020-10-10T07:31:33.293Z;85,5;1016,6;7,2;26,83
1203;2020-10-10T07:41:33.282Z;85,5;1016,6;7,4;26,82
1204;2020-10-10T07:51:33.274Z;85,5;1016,7;7,6;26,81
1205;2020-10-10T08:01:33.265Z;85,5;1016,8;7,9;26,8
1206;2020-10-10T08:11:33.255Z;85,5;1016,8;8,2;26,78
1207;2020-10-10T08:21:33.248Z;85,5;1016,8;8,6;26,76
1208;2020-10-10T08:31:33.237Z;85,5;1016,8;8,9;26,75
1209;2020-10-10T08:41:33.229Z;85;1016,8;9,3;26,74
1210;2020-10-10T08:51:33.221Z;85;1016,9;9,7;26,7
1211;2020-10-10T09:01:33.212Z;85;1016,9;10,1;26,69
1212;2020-10-10T09:11:33.202Z;84,5;1016,9;10,5;26,66
1213;2020-10-10T09:21:33.192Z;84;1016,9;10,9;26,63
1214;2020-10-10T09:31:33.184Z;84;1016,9;11,4;26,61
1215;2020-10-10T09:41:33.173Z;83,5;1016,9;11,6;26,6
1216;2020-10-10T09:51:33.166Z;82,5;1017;12,2;26,59
1217;2020-10-10T10:01:33.159Z;81,5;1017;12,5;26,57
1218;2020-10-10T10:11:33.150Z;82;1017;12,4;26,52
1219;2020-10-10T10:31:33.134Z;81;1017,1;12;26,46
1220;2020-10-10T10:41:33.126Z;80;1017,1;12,1;26,45
1221;2020-10-10T10:51:33.118Z;80;1017,1;12,4;26,45
1222;2020-10-10T11:01:33.109Z;79,5;1017,1;12,8;26,43
1223;2020-10-10T11:11:33.100Z;78,5;1017,2;12,6;26,44
1224;2020-10-10T11:21:33.091Z;79;1017,2;12,4;26,43
1225;2020-10-10T11:31:33.085Z;79;1017,2;12,5;26,43
1226;2020-10-10T11:41:33.074Z;79;1017,2;12,2;26,43
1227;2020-10-10T11:51:33.065Z;79;1017,2;12,3;26,42
1228;2020-10-10T12:01:33.087Z;79;1017;12,7;26,43
1229;2020-10-10T12:11:33.047Z;78,5;1017;12,8;26,4
1230;2020-10-10T12:21:33.040Z;78,5;1017;12,7;26,36
1231;2020-10-10T12:31:33.032Z;79;1016,9;12,5;26,33
1232;2020-10-10T12:41:33.023Z;79;1016,8;12,4;26,34
1233;2020-10-10T12:51:33.013Z;79;1016,8;12,2;26,36
1234;2020-10-10T13:01:33.004Z;78,5;1017,2;11,8;26,35
1235;2020-10-10T13:11:33.000Z;79,5;1017,3;11,2;26,38
1236;2020-10-10T13:21:32.991Z;80,5;1017,1;10,8;26,4
1237;2020-10-10T13:31:33.015Z;80,5;1017,1;10,7;26,43
1238;2020-10-10T13:41:32.972Z;81;1017,2;10,5;26,45
1239;2020-10-10T13:51:32.964Z;81;1017,2;10,4;26,47
1240;2020-10-10T14:01:32.955Z;81;1017;10,3;26,49
1241;2020-10-10T14:11:32.949Z;81,5;1016,8;10,2;26,5
1242;2020-10-10T14:21:32.963Z;81,5;1016,7;10,1;26,52
1243;2020-10-10T14:31:32.929Z;81,5;1016,6;10;26,53
1244;2020-10-10T14:41:32.921Z;81,5;1016,5;9,9;26,55
1245;2020-10-10T14:51:32.912Z;81,5;1016,6;9,8;26,55
1246;2020-10-10T15:01:32.902Z;82;1016,5;9,7;26,57
1247;2020-10-10T15:11:32.892Z;82;1016,3;9,6;26,58
1248;2020-10-10T15:21:32.884Z;82;1016,3;9,5;26,59
1249;2020-10-10T15:31:32.877Z;82;1016,2;9,5;26,6
1250;2020-10-10T15:41:32.868Z;82,5;1016,1;9,4;26,62
1251;2020-10-10T15:51:32.860Z;82,5;1016,1;9,4;26,62
1252;2020-10-10T16:01:32.850Z;82,5;1016;9,4;26,63
1253;2020-10-10T16:11:32.841Z;82,5;1016;9,3;26,64
1254;2020-10-10T16:21:32.833Z;82,5;1016;9,3;26,63
1255;2020-10-10T16:31:32.879Z;83;1015,9;9,2;26,65
1256;2020-10-10T16:41:32.851Z;83;1015,8;9,1;26,65
1257;2020-10-10T16:51:32.818Z;83;1015,8;9,1;26,67
1258;2020-10-10T17:01:32.800Z;83;1016;9;26,67
1259;2020-10-10T17:11:32.790Z;83;1016,1;9;26,68
1260;2020-10-10T17:21:32.781Z;83;1016,1;8,9;26,68
1261;2020-10-10T17:31:32.772Z;83;1015,8;8,8;26,69
1262;2020-10-10T17:41:32.763Z;83;1015,8;8,7;26,7
1263;2020-10-10T17:51:32.756Z;83;1015,9;8,6;26,7
1264;2020-10-10T18:01:32.746Z;83;1015,8;8,4;26,7
1265;2020-10-10T18:11:32.735Z;83;1015,9;8,3;26,71
1266;2020-10-10T18:21:32.728Z;83;1015,9;8,2;26,72
1267;2020-10-10T18:31:32.720Z;83;1016,1;8;26,73
1268;2020-10-10T18:41:32.710Z;83;1016,2;8;26,74
1269;2020-10-10T18:51:32.702Z;83,5;1016,4;7,9;26,75
1270;2020-10-10T19:01:32.693Z;83,5;1016,5;7,8;26,75
1271;2020-10-10T19:11:32.685Z;83,5;1016,6;7,7;26,75
1272;2020-10-10T19:31:32.667Z;83,5;1016,7;7,4;26,76
1273;2020-10-10T19:41:32.658Z;83,5;1016,8;7,4;25,9
1274;2020-10-10T19:51:32.683Z;83,5;1016,8;7,4;26,78
1275;2020-10-10T20:01:32.641Z;83,5;1016,9;7,4;26,78
1276;2020-10-10T20:11:32.631Z;83,5;1016,9;7,4;26,79
1277;2020-10-10T20:21:47.640Z;83,5;994,4;7,3;26,78
1278;2020-10-10T20:31:47.641Z;83,5;1017;7,1;26,78
1279;2020-10-10T20:41:47.648Z;83,5;1016,9;7;26,79
1280;2020-10-10T20:51:47.610Z;83,5;1016,9;6,9;26,8
1281;2020-10-10T21:01:47.601Z;83,5;1016,9;6,9;26,8
1282;2020-10-10T21:11:47.592Z;83,5;1017;6,8;26,81
1283;2020-10-10T21:21:47.607Z;83,5;1017;6,7;26,83
1284;2020-10-10T21:31:47.575Z;83,5;1017,1;6,6;26,82
1285;2020-10-10T21:41:47.565Z;83,5;1017,1;6,5;26,82
1286;2020-10-10T21:51:47.557Z;84;1017,1;6,5;26,82
1287;2020-10-10T22:01:47.551Z;84;1017,1;6,5;26,84
1288;2020-10-10T22:11:47.539Z;84;1017,1;6,6;26,84
1289;2020-10-10T22:21:47.529Z;84;1017,2;6,6;26,84
1290;2020-10-10T22:31:47.519Z;84;1017,1;6,6;26,85
1291;2020-10-10T22:41:47.510Z;84;1017,1;6,5;26,84
1292;2020-10-10T22:51:47.500Z;84;1017,1;6,5;26,84
1293;2020-10-10T23:01:47.492Z;84;1017,2;6,4;26,85
1294;2020-10-10T23:21:47.476Z;84;1017,1;6,3;26,85
1295;2020-10-10T23:31:47.466Z;84;1017,1;6,2;26,86
1296;2020-10-10T23:41:47.457Z;84;1017,1;6,1;26,85
1297;2020-10-10T23:51:47.478Z;84;1017,1;6,1;26,86
1298;2020-10-11T00:01:47.440Z;84;1017,1;6,1;26,86
1299;2020-10-11T00:11:47.430Z;84;1017,2;6;26,87
1300;2020-10-11T00:21:47.420Z;84,5;1017,1;6;26,87
1301;2020-10-11T00:31:47.413Z;84,5;1017,2;6;26,87
1302;2020-10-11T00:41:47.404Z;84,5;1017,2;5,9;26,88
1303;2020-10-11T00:51:47.395Z;84,5;1017,2;5,9;26,89
1304;2020-10-11T01:01:47.385Z;84,5;1017,2;6;26,88
1305;2020-10-11T01:11:47.376Z;84,5;1017,2;6;26,89
1306;2020-10-11T01:21:47.395Z;84,5;1017,2;6,1;26,89
1307;2020-10-11T01:31:47.360Z;84,5;1017,2;6,2;26,89
1308;2020-10-11T01:41:47.350Z;84,5;1017,2;6,3;26,89
1309;2020-10-11T01:51:47.341Z;84,5;1017,3;6,3;26,88
1310;2020-10-11T02:01:47.333Z;84,5;1017,3;6,4;26,87
1311;2020-10-11T02:11:47.324Z;84,5;1017,3;6,5;26,87
1312;2020-10-11T02:21:47.314Z;85;1017,2;6,5;26,86
1313;2020-10-11T02:31:47.305Z;85;1017,1;6,6;26,87
1314;2020-10-11T02:41:47.296Z;85;1017,1;6,6;26,86
1315;2020-10-11T02:51:47.310Z;85;1017,1;6,7;26,86
1316;2020-10-11T03:01:47.277Z;85;1017;6,7;26,86
1317;2020-10-11T03:11:47.271Z;85;1017;6,7;26,86
1318;2020-10-11T03:21:47.259Z;85;1017;6,7;26,85
1319;2020-10-11T03:31:47.253Z;85;1017;6,7;26,86
1320;2020-10-11T03:41:47.245Z;85;1016,9;6,6;26,85
1321;2020-10-11T03:51:47.237Z;85;1017;6,6;26,86
1322;2020-10-11T04:01:47.227Z;85;1017;6,6;26,85
1323;2020-10-11T04:11:47.219Z;85;1017;6,5;26,85
1324;2020-10-11T04:21:47.208Z;85;1017;6,5;26,86
1325;2020-10-11T04:31:47.200Z;85;1016,9;6,4;26,87
1326;2020-10-11T04:41:47.190Z;85;1016,9;6,4;26,87
1327;2020-10-11T04:51:47.180Z;85;1016,9;6,4;26,86
1328;2020-10-11T05:01:47.172Z;85;1016,9;6,3;26,86
1329;2020-10-11T05:11:47.163Z;85;1016,9;6,3;26,87
1330;2020-10-11T05:21:47.155Z;85;1016,9;6,2;26,87
1331;2020-10-11T05:31:47.145Z;85;1016,9;6,2;26,88
1332;2020-10-11T05:41:47.134Z;85;1016,9;6,1;26,88
1333;2020-10-11T05:51:47.127Z;85;1016,9;6,1;26,88
1334;2020-10-11T06:01:47.117Z;85;1017;6,1;26,88
1335;2020-10-11T06:11:47.109Z;85;1017,1;6,1;26,88
1336;2020-10-11T06:21:47.117Z;85,5;1017;6,1;26,88
1337;2020-10-11T06:31:47.091Z;85,5;1017;6,1;26,89
1338;2020-10-11T06:41:47.083Z;85,5;1017;6,2;26,89
1339;2020-10-11T06:51:47.073Z;85,5;1017;6,2;26,88
1340;2020-10-11T07:01:47.064Z;85,5;1017;6,3;26,89
1341;2020-10-11T07:11:47.056Z;85,5;1017,2;6,5;26,88
1342;2020-10-11T07:21:47.045Z;85,5;1017,2;6,8;26,88
1343;2020-10-11T07:31:47.037Z;85,5;1017,2;7;26,87
1344;2020-10-11T07:41:47.028Z;85,5;1017,2;7,1;26,86
1345;2020-10-11T07:51:47.020Z;86;1017,3;7,3;26,84
1346;2020-10-11T08:01:47.010Z;86;1017,2;7,5;26,83
1347;2020-10-11T08:11:47.002Z;86;1017,3;7,7;26,82
1348;2020-10-11T08:21:46.992Z;86;1017,3;8,1;26,8
1349;2020-10-11T08:31:46.982Z;86;1017,4;8,4;26,79
1350;2020-10-11T08:41:46.977Z;86;1017,4;8,7;26,78
1351;2020-10-11T08:51:46.965Z;86;1017,3;9,1;26,75
1352;2020-10-11T09:01:46.958Z;86;1017,3;9,1;26,73
1353;2020-10-11T09:11:46.949Z;86;1017,3;9,6;26,71
1354;2020-10-11T09:21:46.941Z;85,5;1017,2;9,8;26,69
1355;2020-10-11T09:31:46.932Z;85,5;1017,1;10,5;26,67
1356;2020-10-11T09:41:46.924Z;85,5;1017,2;10,9;26,65
1357;2020-10-11T09:51:46.916Z;85,5;1017,1;11;26,63
1358;2020-10-11T10:01:46.907Z;85,5;1017,1;11,6;26,6
1359;2020-10-11T10:11:46.898Z;85;1017,1;11,8;26,57
1360;2020-10-11T10:21:46.889Z;85;1017,2;11,7;26,53
1361;2020-10-11T10:31:46.881Z;85;1017,2;11,7;26,51
1362;2020-10-11T10:41:46.873Z;85;1017,2;11,7;26,5
1363;2020-10-11T10:51:46.864Z;85;1017,2;11,7;26,49
1364;2020-10-11T11:01:46.856Z;85;1017,1;12;26,49
1365;2020-10-11T11:11:46.847Z;85;1017,1;12,1;26,49
1366;2020-10-11T11:21:46.839Z;84,5;1017,1;11,9;26,49
1367;2020-10-11T11:31:46.830Z;84,5;1017,1;11,8;26,48
1368;2020-10-11T11:41:46.822Z;85;1017,1;11,8;26,48
1369;2020-10-11T11:51:46.814Z;85;1017,2;11,7;26,49
1370;2020-10-11T12:01:46.807Z;85;1017,2;12,1;26,48
1371;2020-10-11T12:11:46.797Z;85;1017,1;12,4;26,47
1372;2020-10-11T12:21:46.787Z;84,5;1017,2;12,3;26,44
1373;2020-10-11T12:31:46.780Z;84,5;1017,2;12,1;26,42
1374;2020-10-11T12:41:46.772Z;84;1017,1;12,1;26,43
1375;2020-10-11T12:51:46.763Z;84,5;1017;12,3;26,43
1376;2020-10-11T13:01:46.755Z;84;1017;12,3;26,43
1377;2020-10-11T13:11:46.746Z;84;1017;12;26,42
1378;2020-10-11T13:21:46.738Z;84,5;1017,1;11,9;26,43
1379;2020-10-11T13:31:46.729Z;84,5;1017,1;12;26,43
1380;2020-10-11T13:41:46.720Z;84,5;1017,1;12;26,43
1381;2020-10-11T13:51:46.712Z;84,5;1017,1;12,2;26,45
1382;2020-10-11T14:01:46.705Z;84,5;1017,2;12,2;26,45
1383;2020-10-11T14:11:46.697Z;84,5;1017,3;12,1;26,45
1384;2020-10-11T14:21:46.689Z;84;1017,2;12;26,46
1385;2020-10-11T14:31:46.679Z;84,5;1017,2;11,9;26,46
1386;2020-10-11T14:41:46.668Z;84,5;1017,2;11,7;26,46
1387;2020-10-11T14:51:46.660Z;84,5;1017,2;11,7;26,48
1388;2020-10-11T15:01:46.653Z;84,5;1017,3;11,8;26,49
1389;2020-10-11T15:11:46.645Z;84,5;1017,3;11,9;26,48
1390;2020-10-11T15:21:46.636Z;84,5;1017,3;11,8;26,49
1391;2020-10-11T15:31:46.628Z;84,5;1017,4;11,7;26,5
1392;2020-10-11T15:41:46.621Z;84,5;1017,4;11,5;26,5
1393;2020-10-11T15:51:46.611Z;85;1017,5;11,4;26,52
1394;2020-10-11T16:01:46.603Z;84,5;1017,6;11,4;26,52
1395;2020-10-11T16:11:46.595Z;84,5;1017,7;11,2;26,54
1396;2020-10-11T16:21:46.585Z;84,5;1017,8;11;26,54
1397;2020-10-11T16:31:46.578Z;84,5;1017,8;10,8;26,55
1398;2020-10-11T16:41:46.569Z;84,5;1017,9;10,6;26,56
1399;2020-10-11T16:51:46.559Z;84,5;1018;10,5;26,57
1400;2020-10-11T17:01:46.552Z;84,5;1018,1;10,3;26,58
1401;2020-10-11T17:11:46.543Z;85;1018,2;10,2;26,6
1402;2020-10-11T17:21:46.536Z;85;1018,3;10,2;26,6
1403;2020-10-11T17:31:46.529Z;85;1018,3;10,1;26,62
1404;2020-10-11T17:41:46.518Z;85;1018,4;10;26,62
1405;2020-10-11T17:51:46.510Z;85;1018,4;9,9;26,63
1406;2020-10-11T18:01:46.502Z;85;1018,5;9,8;26,63
1407;2020-10-11T18:11:46.492Z;85;1018,6;9,7;26,65
1408;2020-10-11T18:21:46.513Z;85;1018,6;9,6;26,66
1409;2020-10-11T18:31:46.474Z;85;1018,7;9,6;26,66
1410;2020-10-11T18:41:46.466Z;85;1018,7;9,5;26,67
1411;2020-10-11T18:51:46.457Z;85;1018,7;9,4;26,67
1412;2020-10-11T19:01:46.447Z;85;1018,7;9,4;26,67
1413;2020-10-11T19:11:46.438Z;85;1018,7;9,3;26,68
1414;2020-10-11T19:21:46.430Z;85;1018,7;9,2;26,68
1415;2020-10-11T19:31:46.423Z;85;1018,7;9,2;26,7
1416;2020-10-11T19:41:46.412Z;85;1018,7;9,2;26,71
1417;2020-10-11T19:51:46.406Z;85;1018,6;9,1;26,7
1418;2020-10-11T20:01:46.397Z;85;1018,7;9,1;26,71
1419;2020-10-11T20:11:46.390Z;85;1018,7;9;26,71
1420;2020-10-11T20:22:01.388Z;85,5;996;8,9;26,71
1421;2020-10-11T20:32:01.378Z;85;1018,6;8,9;26,7
1422;2020-10-11T20:42:01.369Z;85,5;1018,6;8,9;26,72
1423;2020-10-11T20:52:01.360Z;85,5;1018,7;8,9;26,72
1424;2020-10-11T21:02:01.352Z;85;1018,7;8,8;26,72
1425;2020-10-11T21:12:01.342Z;85;1018,8;8,7;26,73
1426;2020-10-11T21:22:01.336Z;85;1018,9;8,6;26,73
1427;2020-10-11T21:32:01.325Z;85;1018,9;8,5;26,74
1428;2020-10-11T21:42:01.317Z;85,5;1018,9;8,4;26,73
1429;2020-10-11T21:52:01.309Z;85,5;1018,9;8,3;26,75
1430;2020-10-11T22:02:01.297Z;85,5;1018,9;8,2;26,75
1431;2020-10-11T22:12:01.289Z;85,5;1018,9;8,1;26,76
1432;2020-10-11T22:22:01.281Z;85,5;1018,9;8;26,76
1433;2020-10-11T22:32:01.273Z;85,5;1018,9;7,9;26,77
1434;2020-10-11T22:42:01.267Z;85,5;1019;7,8;26,78
1435;2020-10-11T22:52:01.256Z;85,5;1018,9;7,8;26,78
1436;2020-10-11T23:02:01.247Z;85,5;1018,9;7,7;26,79
1437;2020-10-11T23:12:01.239Z;85,5;1018,9;7,7;26,8
1438;2020-10-11T23:22:01.229Z;85,5;1018,9;7,7;26,8
1439;2020-10-11T23:32:01.222Z;85,5;1019;7,7;26,81
1440;2020-10-11T23:42:01.210Z;85,5;1019,1;7,7;26,81
1441;2020-10-11T23:52:01.202Z;85,5;1019,1;7,8;26,81
1442;2020-10-12T00:02:01.194Z;85,5;1019,1;7,8;26,81
1443;2020-10-12T00:12:01.217Z;85,5;1019,3;7,9;26,8
1444;2020-10-12T00:22:01.178Z;85,5;1019,3;8;26,8
1445;2020-10-12T00:32:01.167Z;85,5;1019,3;8;26,79
1446;2020-10-12T00:42:01.157Z;85,5;1019,3;8;26,79
1447;2020-10-12T00:52:01.153Z;85,5;1019,1;8;26,79
1448;2020-10-12T01:02:01.141Z;85,5;1019,1;7,9;26,8
1449;2020-10-12T01:12:01.132Z;85,5;1019;7,8;26,8
1450;2020-10-12T01:22:01.123Z;85,5;1018,9;7,8;26,8
1451;2020-10-12T01:32:01.115Z;85,5;1018,8;7,7;26,8
1452;2020-10-12T01:42:01.107Z;85,5;1018,8;7,6;26,8
1453;2020-10-12T01:52:01.098Z;85,5;1018,8;7,5;26,81
1454;2020-10-12T02:02:01.089Z;85,5;1018,9;7,4;26,82
1455;2020-10-12T02:12:01.079Z;85,5;1018,9;7,3;26,82
1456;2020-10-12T02:22:01.100Z;85,5;1018,9;7,2;26,82
1457;2020-10-12T02:32:01.062Z;85,5;1019;7,1;26,82
1458;2020-10-12T02:42:01.054Z;85,5;1018,9;7,1;26,83
1459;2020-10-12T02:52:01.045Z;85,5;1018,8;7,1;26,84
1460;2020-10-12T03:02:01.038Z;86;1018,8;7;26,84
1461;2020-10-12T03:12:01.027Z;86;1018,8;7;26,84
1462;2020-10-12T03:22:01.018Z;86;1018,8;6,9;26,85
1463;2020-10-12T03:32:01.012Z;86;1018,9;6,9;26,85
1464;2020-10-12T03:42:01.000Z;86;1019;6,8;26,85
1465;2020-10-12T03:52:01.025Z;86;1019;6,8;26,85
1466;2020-10-12T04:02:00.982Z;86;1019;6,7;26,86
1467;2020-10-12T04:12:00.972Z;86;1018,9;6,7;26,86
1468;2020-10-12T04:22:00.965Z;86;1019,1;6,6;26,85
1469;2020-10-12T04:32:00.954Z;86;1019,2;6,6;26,87
1470;2020-10-12T04:42:00.947Z;86;1019,1;6,5;26,87
1471;2020-10-12T04:52:00.936Z;86;1019;6,5;26,87
1472;2020-10-12T05:02:00.930Z;86;1018,9;6,4;26,87
1473;2020-10-12T05:12:00.923Z;86;1018,9;6,4;26,87
1474;2020-10-12T05:22:00.912Z;86;1018,9;6,4;26,88
1475;2020-10-12T05:32:00.902Z;86;1018,9;6,4;26,88
1476;2020-10-12T05:42:00.896Z;86;1019;6,3;26,88
1477;2020-10-12T05:52:00.887Z;86;1019;6,3;26,89
1478;2020-10-12T06:02:00.907Z;86;1019;6,3;26,89
1479;2020-10-12T06:12:00.866Z;86;1019;6,3;26,89
1480;2020-10-12T06:22:00.859Z;86;1019;6,3;26,89
1481;2020-10-12T06:32:00.909Z;86;1019;6,3;26,89
1482;2020-10-12T06:42:00.841Z;86;1019;6,3;26,89
1483;2020-10-12T06:52:00.830Z;86;1019;6,4;26,89
1484;2020-10-12T07:02:00.823Z;86;1019,1;6,5;26,89
1485;2020-10-12T07:12:00.813Z;86;1019,2;6,6;26,88
1486;2020-10-12T07:22:00.804Z;86;1019,1;6,8;26,88
1487;2020-10-12T07:32:00.797Z;86,5;1019,1;7;26,88
1488;2020-10-12T07:42:00.788Z;86,5;1019,2;7,1;26,87
1489;2020-10-12T07:52:00.778Z;86,5;1019,1;7,3;26,86
1490;2020-10-12T08:02:00.771Z;86,5;1019,1;7,5;26,84
1491;2020-10-12T08:12:00.759Z;86,5;1019,1;7,8;26,84
1492;2020-10-12T08:22:00.751Z;86,5;1019,1;8;26,82
1493;2020-10-12T08:32:00.743Z;86,5;1019,1;8,2;26,81
1494;2020-10-12T08:42:00.737Z;86,5;1019,1;8,4;26,8
1495;2020-10-12T08:52:00.727Z;86,5;1019;8,6;26,79
1496;2020-10-12T09:02:00.757Z;86,5;1018,9;8,8;26,77
1497;2020-10-12T09:12:00.710Z;86,5;1018,9;9;26,77
1498;2020-10-12T09:22:00.700Z;86,5;1018,8;9,2;26,74
1499;2020-10-12T09:32:00.691Z;86,5;1018,8;9,4;26,74
1500;2020-10-12T09:42:00.681Z;86,5;1018,8;9,6;26,72
1501;2020-10-12T09:52:00.676Z;86,5;1018,8;9,8;26,71
1502;2020-10-12T10:02:00.668Z;86,5;1018,8;10;26,69
1503;2020-10-12T10:12:00.659Z;86,5;1018,8;10,2;26,68
1504;2020-10-12T10:22:00.648Z;86,5;1018,7;10,3;26,67
1505;2020-10-12T10:32:00.640Z;86,5;1018,7;10,5;26,66
1506;2020-10-12T10:42:00.636Z;86,5;1018,7;10,7;26,65
1507;2020-10-12T10:52:00.625Z;86,5;1018,6;10,9;26,64
1508;2020-10-12T11:02:00.615Z;86,5;1018,4;11,1;26,61
1509;2020-10-12T11:12:00.605Z;86,5;1018,3;11,3;26,61
1510;2020-10-12T11:22:00.598Z;86,5;1018,2;11,7;26,59
1511;2020-10-12T11:32:00.589Z;86,5;1018;12;26,57
1512;2020-10-12T11:42:00.580Z;86;1017,8;12,1;26,55
1513;2020-10-12T11:52:00.573Z;86;1017,7;12;26,54
1514;2020-10-12T12:02:00.592Z;86;1017,6;12,1;26,53
1515;2020-10-12T12:12:00.557Z;86;1017,5;12,2;26,51
1516;2020-10-12T12:22:00.547Z;86;1017,4;12,1;26,49
1517;2020-10-12T12:32:00.538Z;86;1017,4;12,2;26,49
1518;2020-10-12T12:42:00.531Z;86;1017,2;12,8;26,49
1519;2020-10-12T12:52:00.521Z;85,5;1017,1;12,8;26,47
1520;2020-10-12T13:02:00.514Z;85,5;1017,1;12,6;26,45
1521;2020-10-12T13:12:00.505Z;85;1017;12,5;26,45
1522;2020-10-12T13:22:00.497Z;85;1017;12,2;26,44
1523;2020-10-12T13:32:00.489Z;85,5;1016,9;12,1;26,45
1524;2020-10-12T13:42:00.480Z;85,5;1016,8;12;26,46
1525;2020-10-12T13:52:00.471Z;85;1016,7;12;26,46
1526;2020-10-12T14:02:00.464Z;85;1016,6;12;26,47
1527;2020-10-12T14:12:00.488Z;85;1016,5;12,1;26,48
1528;2020-10-12T14:22:00.448Z;85;1016,4;12,1;26,48
1529;2020-10-12T14:32:00.438Z;85;1016,3;12,1;26,48
1530;2020-10-12T14:42:00.433Z;85;1016,2;12;26,48
1531;2020-10-12T14:52:00.422Z;85;1016,1;12,1;26,47
1532;2020-10-12T15:02:00.414Z;84,5;1016;12,1;26,48
1533;2020-10-12T15:12:00.404Z;85;1016;12;26,47
1534;2020-10-12T15:22:00.396Z;85;1015,9;12;26,48
1535;2020-10-12T15:32:00.387Z;84,5;1015,9;12;26,49
1536;2020-10-12T15:42:00.381Z;84,5;1015,9;11,9;26,49
1537;2020-10-12T15:52:00.372Z;84,5;1015,9;11,7;26,48
1538;2020-10-12T16:02:00.362Z;84,5;1015,8;11,6;26,5
1539;2020-10-12T16:12:00.354Z;84,5;1015,8;11,4;26,5
1540;2020-10-12T16:22:00.346Z;84,5;1015,9;11,2;26,52
1541;2020-10-12T16:32:00.338Z;84,5;1015,8;11;26,52
1542;2020-10-12T16:42:00.329Z;85;1015,7;10,8;26,54
1543;2020-10-12T16:52:00.320Z;85;1015,7;10,6;26,54
1544;2020-10-12T17:02:00.313Z;85;1015,7;10,4;26,56
1545;2020-10-12T17:12:00.305Z;85;1015,7;10,2;26,57
1546;2020-10-12T17:22:00.295Z;85;1015,7;10;26,58
1547;2020-10-12T17:32:00.287Z;85;1015,8;9,8;26,6
1548;2020-10-12T17:42:00.279Z;85;1015,7;9,7;26,61
1549;2020-10-12T17:52:00.272Z;85;1015,7;9,5;26,62
1550;2020-10-12T18:02:00.260Z;85;1015,7;9,4;26,63
1551;2020-10-12T18:12:00.252Z;85;1015,6;9,2;26,64
1552;2020-10-12T18:22:00.244Z;85;1015,6;9,1;26,65
1553;2020-10-12T18:32:00.237Z;85;1015,6;8,9;26,67
1554;2020-10-12T18:42:00.226Z;85;1015,6;8,8;26,68
1555;2020-10-12T18:52:00.219Z;85;1015,5;8,7;26,69
1556;2020-10-12T19:02:00.211Z;85;1015,5;8,6;26,7
1557;2020-10-12T19:12:00.202Z;85;1015,5;8,5;26,7
1558;2020-10-12T19:22:00.190Z;85;1015,4;8,4;26,72
1559;2020-10-12T19:32:00.219Z;85;1015,4;8,3;26,73
1560;2020-10-12T19:42:00.198Z;85;1015,3;8,3;26,72
1561;2020-10-12T19:52:00.161Z;85;1015,3;8,2;26,73
1562;2020-10-12T20:02:00.158Z;85;1015,2;8,1;26,74
1563;2020-10-12T20:12:00.148Z;85;1015,2;8,1;26,74
1564;2020-10-12T20:22:15.153Z;85;992,5;8;26,74
1565;2020-10-12T20:32:15.141Z;85;1015,1;7,9;26,75
1566;2020-10-12T20:42:15.133Z;85;1015;7,9;26,76
1567;2020-10-12T20:52:15.124Z;85;1015;7,8;26,76
1568;2020-10-12T21:02:15.115Z;85;1014,8;7,7;26,77
1569;2020-10-12T21:12:15.106Z;85;1014,7;7,7;26,77
1570;2020-10-12T21:22:15.100Z;85;1014,7;7,6;26,78
1571;2020-10-12T21:32:15.088Z;85;1014,6;7,5;26,78
1572;2020-10-12T21:42:15.082Z;85;1014,5;7,5;26,78
1573;2020-10-12T21:52:15.074Z;85;1014,5;7,4;26,8
1574;2020-10-12T22:02:15.095Z;85;1014,3;7,4;26,8
1575;2020-10-12T22:12:15.057Z;85;1014,3;7,4;26,8
1576;2020-10-12T22:22:15.046Z;85,5;1014,1;7,6;26,81
1577;2020-10-12T22:32:15.036Z;85,5;1014;7,7;26,82
1578;2020-10-12T22:42:15.028Z;85;1013,9;7,8;26,8
1579;2020-10-12T22:52:15.019Z;85;1013,7;7,9;26,8
1580;2020-10-12T23:02:15.011Z;85;1013,6;7,9;26,8
1581;2020-10-12T23:12:15.001Z;85,5;1013,4;7,9;26,8
1582;2020-10-12T23:22:14.994Z;85;1013,3;8;26,8
1583;2020-10-12T23:32:14.982Z;85;1013,2;8;26,8
1584;2020-10-12T23:42:14.975Z;85,5;1013,1;8;26,8
1585;2020-10-12T23:52:14.966Z;85,5;1013,1;8;26,79
1586;2020-10-13T00:02:14.957Z;85,5;1013,1;8;26,8
1587;2020-10-13T00:12:14.949Z;85,5;1013;8;26,79
1588;2020-10-13T00:22:14.942Z;85,5;1012,9;7,9;26,79
1589;2020-10-13T00:32:14.931Z;85,5;1012,7;7,8;26,8
1590;2020-10-13T00:42:14.922Z;85,5;1012,6;7,7;26,8
1591;2020-10-13T00:52:14.914Z;85,5;1012,6;7,7;26,8
1592;2020-10-13T01:02:14.905Z;85,5;1012,5;7,6;26,8
1593;2020-10-13T01:12:14.897Z;85,5;1012,4;7,5;26,8
1594;2020-10-13T01:22:14.889Z;85,5;1012,3;7,5;26,81
1595;2020-10-13T01:32:14.878Z;85,5;1012,2;7,5;26,82
1596;2020-10-13T01:42:14.869Z;85,5;1012,1;7,6;26,82
1597;2020-10-13T01:52:14.860Z;85,5;1012,1;7,7;26,82
1598;2020-10-13T02:02:14.852Z;85,5;1012;7,7;26,82
1599;2020-10-13T02:12:14.841Z;85,5;1012;7,8;26,81
1600;2020-10-13T02:22:14.831Z;85,5;1011,9;7,8;26,81
1601;2020-10-13T02:32:14.820Z;85,5;1011,9;7,7;26,81
1602;2020-10-13T02:42:14.811Z;85,5;1011,8;7,7;26,82
1603;2020-10-13T02:52:14.803Z;85,5;1011,7;7,6;26,81
1604;2020-10-13T03:02:14.794Z;85,5;1011,6;7,6;26,81
1605;2020-10-13T03:12:14.783Z;85,5;1011,6;7,5;26,81
1606;2020-10-13T03:22:14.804Z;85,5;1011,5;7,5;26,82
1607;2020-10-13T03:32:14.766Z;85,5;1011,5;7,4;26,82
1608;2020-10-13T03:42:14.756Z;85,5;1011,4;7,3;26,82
1609;2020-10-13T03:52:14.753Z;85,5;1011,4;7,2;26,82
1610;2020-10-13T04:02:14.749Z;85,5;1011,4;7,1;26,83
1611;2020-10-13T04:12:14.744Z;85,5;1011,3;7,1;26,83
1612;2020-10-13T04:22:14.734Z;85,5;1011,3;7,1;26,85
1613;2020-10-13T04:32:14.723Z;85,5;1011,2;7;26,84
1614;2020-10-13T04:42:14.714Z;85,5;1011,2;7;26,85
1615;2020-10-13T04:52:14.704Z;85,5;1011,3;7;26,85
1616;2020-10-13T05:02:14.696Z;85,5;1011,3;6,9;26,85
1617;2020-10-13T05:12:14.688Z;85,5;1011,3;6,8;26,85
1618;2020-10-13T05:22:14.678Z;85,5;1011,2;6,8;26,85
1619;2020-10-13T05:32:14.670Z;85,5;1011,2;6,7;26,85
1620;2020-10-13T05:42:14.689Z;85,5;1011,1;6,7;26,85
1621;2020-10-13T05:52:14.654Z;85,5;1011,1;6,7;26,86
1622;2020-10-13T06:02:14.644Z;85,5;1011,1;6,7;26,87
1623;2020-10-13T06:12:14.653Z;85,5;1011,1;6,6;26,87
1624;2020-10-13T06:22:14.625Z;86;1011,2;6,6;26,86
1625;2020-10-13T06:32:14.616Z;86;1011,3;6,7;26,88
1626;2020-10-13T06:42:14.607Z;86;1011,3;6,7;26,87
1627;2020-10-13T06:52:14.599Z;86;1011,4;6,7;26,86
1628;2020-10-13T07:02:14.590Z;86;1011,4;6,8;26,87
1629;2020-10-13T07:12:14.581Z;86;1011,4;6,9;26,86
1630;2020-10-13T07:22:14.571Z;86;1011,5;7,1;26,86
1631;2020-10-13T07:32:14.561Z;86;1011,5;7,2;26,85
1632;2020-10-13T07:42:14.553Z;86;1011,5;7,4;26,85
1633;2020-10-13T07:52:14.546Z;86;1011,5;7,6;26,84
1634;2020-10-13T08:02:14.536Z;86;1011,5;7,8;26,82
1635;2020-10-13T08:12:14.530Z;86;1011,6;7,9;26,82
1636;2020-10-13T08:22:14.521Z;86;1011,6;8;26,81
1637;2020-10-13T08:32:14.511Z;86;1011,6;8,2;26,79
1638;2020-10-13T08:42:14.500Z;86;1011,5;8,4;26,78
1639;2020-10-13T08:52:14.492Z;86;1011,5;8,6;26,77
1640;2020-10-13T09:02:14.484Z;86;1011,5;8,8;26,75
1641;2020-10-13T09:12:14.475Z;86;1011,6;9;26,74
1642;2020-10-13T09:22:14.464Z;86;1011,6;9,1;26,73
1643;2020-10-13T09:32:14.455Z;85,5;1011,6;9,2;26,72
1644;2020-10-13T09:42:14.447Z;85,5;1011,5;9,4;26,72
1645;2020-10-13T09:52:14.439Z;85,5;1011,5;9,5;26,71
1646;2020-10-13T10:02:14.429Z;85,5;1011,5;9,7;26,7
1647;2020-10-13T10:12:14.423Z;85,5;1011,5;9,9;26,68
1648;2020-10-13T10:22:14.413Z;85,5;1011,5;10,1;26,66
1649;2020-10-13T10:32:14.405Z;85,5;1011,5;10,2;26,66
1650;2020-10-13T10:42:14.399Z;85,5;1011,5;10,3;26,63
1651;2020-10-13T10:52:14.387Z;85;1011,5;10,6;26,63
1652;2020-10-13T11:02:14.377Z;85;1011,5;11;26,61
1653;2020-10-13T11:12:14.370Z;85;1011,6;11,2;26,61
1654;2020-10-13T11:22:14.360Z;84,5;1011,5;11,3;26,59
1655;2020-10-13T11:42:14.345Z;84;1011,5;11,4;26,56
1656;2020-10-13T11:52:14.335Z;84;1011,5;11,6;26,55
1657;2020-10-13T12:02:14.328Z;84;1011,4;11,7;26,55
1658;2020-10-13T12:12:14.320Z;84;1011,4;11,8;26,52
1659;2020-10-13T12:22:14.312Z;84;1011,4;11,8;26,51
1660;2020-10-13T12:32:14.302Z;83,5;1011,4;11,9;26,49
1661;2020-10-13T12:42:14.294Z;83,5;1011,3;12;26,47
1662;2020-10-13T12:52:14.295Z;83;1011,2;11,9;26,46
1663;2020-10-13T13:02:14.278Z;83;1011,2;12;26,46
1664;2020-10-13T13:12:14.268Z;82,5;1011,3;12,2;26,47
1665;2020-10-13T13:22:14.261Z;82,5;1011,3;12;26,47
1666;2020-10-13T13:32:14.253Z;82,5;1011,4;12;26,48
1667;2020-10-13T13:42:14.242Z;82,5;1011,4;12;26,47
1668;2020-10-13T13:52:14.234Z;82;1011,4;11,9;36,86
1669;2020-10-13T14:02:14.227Z;82;1011,4;11,9;61,12
1670;2020-10-13T14:12:14.217Z;81,5;1011,5;11,9;61,11
1671;2020-10-13T14:22:14.208Z;81,5;1011,5;11,9;61,11
1672;2020-10-13T14:32:14.200Z;81,5;1011,4;11,8;59,24
