"time";"Humidity - h (%RH) (h)";"Pressure - p (hPa) (p)";"Temperature - t (Â°C) (t)";"rssi (rssi)"
2021-02-01T00:01:10Z;87.5;993;-0.6;-105
2021-02-01T00:11:10Z;87.5;992.9;-0.6;-105
2021-02-01T00:21:10Z;87.5;992.8;-0.6;-106
2021-02-01T00:31:10Z;87.5;992.7;-0.5;-105
2021-02-01T00:41:10Z;87.5;992.6;-0.5;-104
2021-02-01T00:51:10Z;87.5;992.5;-0.4;-104
2021-02-01T01:01:10Z;87.5;992.3;-0.4;-107
2021-02-01T01:11:10Z;87.5;992.3;-0.4;-106
2021-02-01T01:21:10Z;87.5;992.2;-0.3;-103
2021-02-01T01:31:10Z;87.5;992.1;-0.3;-105
2021-02-01T01:41:10Z;87.5;992;-0.3;-104
2021-02-01T01:51:10Z;87.5;991.9;-0.3;-104
2021-02-01T02:01:10Z;87.5;991.8;-0.2;-106
2021-02-01T02:11:10Z;87.5;991.7;-0.2;-105
2021-02-01T02:21:10Z;87.5;991.6;-0.2;-105
2021-02-01T02:31:10Z;87.5;991.4;-0.2;-106
2021-02-01T02:41:10Z;88;991.3;-0.1;-106
2021-02-01T02:51:10Z;88;991.3;-0.1;-105
2021-02-01T03:01:10Z;88;991.2;-0.1;-106
2021-02-01T03:11:10Z;88;991.1;-0.1;-106
2021-02-01T03:21:10Z;88;991;-0.1;-106
2021-02-01T03:31:10Z;88;991;0;-108
2021-02-01T03:41:10Z;88;990.9;0;-104
2021-02-01T03:51:10Z;88;990.9;0;-104
2021-02-01T04:01:10Z;88;990.9;0;-105
2021-02-01T04:11:10Z;88;991;0;-105
2021-02-01T04:21:10Z;88;990.9;0;-105
2021-02-01T04:31:10Z;88;990.8;0;-105
2021-02-01T04:41:10Z;88;990.8;0;-104
2021-02-01T04:51:10Z;88;990.9;0;-105
2021-02-01T05:01:10Z;88;990.9;0;-105
2021-02-01T05:11:10Z;88;990.8;0;-105
2021-02-01T05:21:10Z;88.5;990.7;0;-104
2021-02-01T05:31:10Z;88.5;990.6;0;-105
2021-02-01T05:41:09Z;88.5;990.7;0;-105
2021-02-01T05:51:09Z;88.5;990.7;0;-105
2021-02-01T06:01:09Z;88.5;990.7;0;-106
2021-02-01T06:11:10Z;88.5;990.7;0;-104
2021-02-01T06:21:09Z;88.5;990.8;0;-104
2021-02-01T06:31:09Z;88.5;990.9;0;-105
2021-02-01T06:41:09Z;88.5;990.9;0;-104
2021-02-01T06:51:09Z;88.5;991;0.1;-105
2021-02-01T07:01:09Z;88.5;991.2;0.1;-105
2021-02-01T07:11:09Z;88.5;991.3;0.1;-104
2021-02-01T07:21:09Z;88.5;991.4;0.1;-105
2021-02-01T07:31:09Z;88.5;991.5;0.1;-104
2021-02-01T07:41:09Z;88.5;991.5;0.1;-106
2021-02-01T07:51:09Z;88.5;991.6;0.1;-104
2021-02-01T08:01:09Z;88.5;991.6;0.1;-106
2021-02-01T08:11:09Z;88.5;991.7;0.1;-104
2021-02-01T08:21:09Z;88.5;991.7;0.2;-104
2021-02-01T08:31:09Z;88.5;991.8;0.2;-105
2021-02-01T08:41:09Z;88.5;991.9;0.2;-105
2021-02-01T08:51:09Z;88.5;992;0.2;-104
2021-02-01T09:01:09Z;88.5;992;0.2;-104
2021-02-01T09:11:09Z;88.5;992.1;0.2;-105
2021-02-01T09:21:09Z;88.5;992.2;0.3;-104
2021-02-01T09:31:09Z;89;992.2;0.3;-104
2021-02-01T09:41:09Z;89;992.2;0.3;-106
2021-02-01T09:51:09Z;89;992.3;0.4;-106
2021-02-01T10:01:09Z;89;992.3;0.4;-106
2021-02-01T10:11:09Z;89;992.4;0.5;-106
2021-02-01T10:21:09Z;89;992.5;0.5;-107
2021-02-01T10:31:09Z;89;992.5;0.6;-105
2021-02-01T10:41:09Z;89;992.7;0.6;-106
2021-02-01T10:51:09Z;89;992.8;0.7;-106
2021-02-01T11:01:09Z;89;992.8;0.8;-106
2021-02-01T11:11:09Z;89;993;0.8;-106
2021-02-01T11:21:09Z;89;993.1;0.9;-106
2021-02-01T11:31:09Z;89;993.1;1;-105
2021-02-01T11:41:09Z;89;993.2;1;-104
2021-02-01T11:51:09Z;89;993.2;1.1;-104
2021-02-01T12:01:09Z;89;993.3;1.2;-104
2021-02-01T12:11:09Z;89;993.4;1.3;-104
2021-02-01T12:21:09Z;89;993.5;1.3;-104
2021-02-01T12:31:09Z;89;993.5;1.3;-104
2021-02-01T12:41:09Z;89;993.5;1.3;-105
2021-02-01T12:51:09Z;89;993.6;1.3;-106
2021-02-01T13:01:09Z;89;993.7;1.4;-105
2021-02-01T13:11:09Z;89;993.6;1.4;-104
2021-02-01T13:21:09Z;89;993.7;1.4;-106
2021-02-01T13:31:09Z;89;993.8;1.5;-106
2021-02-01T13:41:24Z;89.5;971.8;1.5;-105
2021-02-01T13:51:24Z;89;993.9;1.5;-105
2021-02-01T14:01:24Z;89;994.1;1.5;-105
2021-02-01T14:11:24Z;89;994.3;1.5;-105
2021-02-01T14:21:24Z;89.5;994.4;1.6;-106
2021-02-01T14:31:24Z;89.5;994.6;1.6;-106
2021-02-01T14:41:24Z;89.5;994.8;1.6;-106
2021-02-01T14:51:24Z;89.5;994.9;1.5;-105
2021-02-01T15:01:24Z;89.5;995.1;1.5;-105
2021-02-01T15:11:24Z;89.5;995.2;1.5;-105
2021-02-01T15:21:24Z;89.5;995.3;1.6;-105
2021-02-01T15:31:24Z;89.5;995.4;1.6;-106
2021-02-01T15:41:24Z;89.5;995.6;1.6;-105
2021-02-01T15:51:24Z;89.5;995.7;1.6;-107
2021-02-01T16:01:24Z;89.5;996;1.6;-106
2021-02-01T16:11:24Z;89.5;996.2;1.6;-106
2021-02-01T16:21:24Z;89.5;996.4;1.5;-105
2021-02-01T16:31:24Z;89.5;996.5;1.5;-106
2021-02-01T16:41:24Z;89.5;996.6;1.4;-105
2021-02-01T16:51:24Z;89.5;996.6;1.4;-105
2021-02-01T17:01:24Z;89.5;996.7;1.3;-105
2021-02-01T17:11:24Z;89.5;997;1.3;-106
2021-02-01T17:21:24Z;89.5;997.1;1.2;-105
2021-02-01T17:31:24Z;89.5;997.3;1.2;-105
2021-02-01T17:41:24Z;89.5;997.7;1.1;-104
2021-02-01T17:51:24Z;89.5;998;1.1;-106
2021-02-01T18:01:24Z;89.5;998.1;1.1;-105
2021-02-01T18:11:24Z;89.5;998.1;1;-105
2021-02-01T18:21:24Z;89.5;998;1;-106
2021-02-01T18:31:24Z;89.5;998;1;-106
2021-02-01T18:41:24Z;89.5;998.1;1;-106
2021-02-01T18:51:24Z;89.5;998.4;0.9;-106
2021-02-01T19:01:24Z;89.5;998.5;0.9;-106
2021-02-01T19:11:24Z;89.5;998.7;0.9;-105
2021-02-01T19:21:24Z;89.5;998.8;0.9;-105
2021-02-01T19:31:24Z;90;998.9;0.9;-106
2021-02-01T19:41:24Z;90;998.8;0.8;-106
2021-02-01T19:51:24Z;90;998.8;0.8;-106
2021-02-01T20:01:24Z;90;999.1;0.8;-106
2021-02-01T20:11:24Z;90;999.4;0.8;-106
2021-02-01T20:21:24Z;90;999.6;0.8;-107
2021-02-01T20:31:24Z;90;999.6;0.8;-106
2021-02-01T20:41:24Z;90;999.7;0.8;-106
2021-02-01T20:51:24Z;90;999.9;0.8;-107
2021-02-01T21:01:24Z;90;999.8;0.8;-106
2021-02-01T21:11:24Z;90;999.9;0.8;-106
2021-02-01T21:21:24Z;90;1000.3;0.8;-106
2021-02-01T21:31:24Z;90;1000.5;0.8;-105
2021-02-01T21:41:24Z;90;1000.4;0.8;-105
2021-02-01T21:51:24Z;90;1000.2;0.8;-104
2021-02-01T22:01:24Z;90;1000;0.8;-105
2021-02-01T22:11:24Z;90;1000.1;0.7;-105
2021-02-01T22:21:24Z;90;1000.1;0.7;-105
2021-02-01T22:31:24Z;90;1000.2;0.7;-105
2021-02-01T22:41:24Z;90;1000.3;0.7;-105
2021-02-01T22:51:24Z;90;1000.5;0.7;-104
2021-02-01T23:01:24Z;90;1000.6;0.7;-104
2021-02-01T23:11:24Z;90;1000.7;0.7;-104
2021-02-01T23:21:24Z;90;1000.9;0.7;-104
2021-02-01T23:31:24Z;90;1001.1;0.7;-104
2021-02-01T23:41:24Z;90;1001.2;0.7;-104
2021-02-01T23:51:24Z;90;1001.3;0.7;-104
2021-02-02T00:01:24Z;90;1001.5;0.7;-104
2021-02-02T00:11:24Z;90;1001.7;0.7;-105
2021-02-02T00:21:24Z;90;1001.9;0.7;-104
2021-02-02T00:31:24Z;90;1001.9;0.7;-104
2021-02-02T00:41:24Z;90;1001.8;0.7;-104
2021-02-02T00:51:24Z;90;1001.8;0.7;-104
2021-02-02T01:01:24Z;90;1001.8;0.7;-104
2021-02-02T01:11:24Z;90;1001.8;0.7;-105
2021-02-02T01:21:24Z;90;1001.8;0.8;-105
2021-02-02T01:31:23Z;90;1001.8;0.7;-104
2021-02-02T01:41:23Z;90;1001.7;0.7;-104
2021-02-02T01:51:23Z;90;1001.8;0.8;-105
2021-02-02T02:01:23Z;90;1001.7;0.8;-105
2021-02-02T02:11:24Z;90;1001.5;0.8;-104
2021-02-02T02:21:23Z;90;1001.5;0.8;-104
2021-02-02T02:31:23Z;90;1001.7;0.8;-104
2021-02-02T02:41:23Z;90;1001.8;0.7;-105
2021-02-02T02:51:23Z;90;1001.8;0.7;-104
2021-02-02T03:01:23Z;90;1001.8;0.7;-105
2021-02-02T03:11:23Z;90;1001.8;0.7;-104
2021-02-02T03:21:23Z;90;1001.5;0.7;-105
2021-02-02T03:31:23Z;90;1001.3;0.8;-105
2021-02-02T03:41:23Z;90;1001;0.7;-104
2021-02-02T03:51:23Z;90;1001;0.8;-105
2021-02-02T04:01:23Z;90;1001;0.8;-104
2021-02-02T04:11:23Z;90;1000.8;0.7;-105
2021-02-02T04:21:23Z;90;1000.7;0.7;-105
2021-02-02T04:31:23Z;90;1000.7;0.7;-104
2021-02-02T04:41:23Z;90;1000.6;0.6;-105
2021-02-02T04:51:23Z;90;1000.6;0.6;-104
2021-02-02T05:01:23Z;90;1000.8;0.6;-104
2021-02-02T05:11:23Z;90.5;1000.8;0.5;-104
2021-02-02T05:21:23Z;90.5;1000.9;0.5;-104
2021-02-02T05:31:23Z;90;1000.8;0.5;-105
2021-02-02T05:41:23Z;90;1000.7;0.5;-105
2021-02-02T05:51:23Z;90;1000.9;0.5;-105
2021-02-02T06:01:23Z;90.5;1000.9;0.4;-104
2021-02-02T06:11:23Z;90.5;1000.9;0.4;-105
2021-02-02T06:21:23Z;90.5;1000.8;0.4;-104
2021-02-02T06:31:23Z;90.5;1000.7;0.4;-104
2021-02-02T06:41:23Z;90.5;1000.5;0.4;-104
2021-02-02T06:51:23Z;90.5;1000.3;0.4;-104
2021-02-02T07:01:23Z;90.5;1000.1;0.4;-105
2021-02-02T07:11:23Z;90.5;1000.1;0.4;-104
2021-02-02T07:21:23Z;90.5;1000;0.5;-104
2021-02-02T07:31:23Z;90.5;1000;0.5;-105
2021-02-02T07:41:23Z;90.5;999.8;0.5;-104
2021-02-02T07:51:23Z;90.5;999.7;0.6;-106
2021-02-02T08:01:23Z;90.5;999.6;0.6;-104
2021-02-02T08:11:23Z;90.5;999.4;0.6;-105
2021-02-02T08:21:23Z;90.5;999.3;0.7;-105
2021-02-02T08:31:23Z;90.5;999.1;0.7;-104
2021-02-02T08:41:23Z;90.5;999;0.8;-103
2021-02-02T08:51:23Z;90.5;998.8;0.8;-104
2021-02-02T09:01:23Z;90.5;998.7;0.9;-104
2021-02-02T09:11:23Z;90.5;998.6;0.9;-102
2021-02-02T09:21:23Z;90.5;998.5;1;-104
2021-02-02T09:31:23Z;91;998.4;1.1;-105
2021-02-02T09:41:23Z;91;998.3;1.1;-104
2021-02-02T09:51:23Z;91;998.1;1.2;-104
2021-02-02T10:01:23Z;91;997.9;1.3;-105
2021-02-02T10:11:23Z;91;997.8;1.4;-103
2021-02-02T10:21:23Z;91;997.8;1.5;-105
2021-02-02T10:31:23Z;91;997.7;1.6;-103
2021-02-02T10:41:23Z;91;997.3;1.7;-104
2021-02-02T10:51:23Z;91;997.2;1.9;-104
2021-02-02T11:01:23Z;91.5;997;2;-104
2021-02-02T11:11:23Z;91.5;996.9;2.1;-107
2021-02-02T11:21:23Z;91.5;996.9;2.3;-106
2021-02-02T11:31:23Z;91.5;996.9;2.4;-106
2021-02-02T11:41:23Z;91.5;996.8;2.4;-107
2021-02-02T11:51:23Z;91.5;996.7;2.5;-108
2021-02-02T12:01:23Z;91.5;996.5;2.6;-110
2021-02-02T12:11:23Z;91.5;996.4;2.7;-108
2021-02-02T12:21:23Z;91.5;996.4;2.7;-108
2021-02-02T12:31:23Z;91.5;996.2;2.8;-109
2021-02-02T12:41:23Z;91.5;996.2;2.9;-111
2021-02-02T12:51:23Z;91.5;996;3;-109
2021-02-02T13:01:23Z;91.5;995.8;3;-107
2021-02-02T13:11:23Z;91.5;995.7;3.1;-105
2021-02-02T13:21:23Z;91.5;995.6;3.1;-107
2021-02-02T13:31:23Z;91.5;995.6;3.2;-109
2021-02-02T13:51:38Z;91.5;995.4;3.3;-107
2021-02-02T14:01:38Z;91.5;995.3;3.4;-108
2021-02-02T14:11:38Z;91.5;995.3;3.4;-109
2021-02-02T14:21:38Z;92;995.3;3.5;-108
2021-02-02T14:31:38Z;92;995.3;3.6;-110
2021-02-02T14:41:38Z;92;995.3;3.7;-107
2021-02-02T14:51:38Z;92;995.2;3.8;-110
2021-02-02T15:01:38Z;92;995.3;3.8;-109
2021-02-02T15:11:38Z;92;995.3;3.9;-109
2021-02-02T15:21:38Z;92;995.4;3.9;-108
2021-02-02T15:31:38Z;92;995.4;4;-107
2021-02-02T15:41:38Z;92;995.3;4;-111
2021-02-02T15:51:38Z;92;995.4;4.1;-109
2021-02-02T16:01:38Z;92;995.4;4.1;-109
2021-02-02T16:11:38Z;92;995.3;4.1;-108
2021-02-02T16:21:38Z;92;995.4;4.1;-108
2021-02-02T16:31:38Z;92;995.4;4.1;-108
2021-02-02T16:41:38Z;92;995.5;4.1;-108
2021-02-02T16:51:38Z;92;995.6;4.1;-109
2021-02-02T17:01:38Z;92;995.6;4.2;-107
2021-02-02T17:11:38Z;92.5;995.7;4.3;-108
2021-02-02T17:21:38Z;92.5;995.7;4.6;-109
2021-02-02T17:31:38Z;92.5;995.8;4.7;-110
2021-02-02T17:41:38Z;92.5;995.9;4.8;-109
2021-02-02T17:51:38Z;92.5;996;5;-108
2021-02-02T18:01:38Z;92.5;995.9;5.2;-116
2021-02-02T18:11:38Z;92.5;996;5.5;-111
2021-02-02T18:21:38Z;92.5;996;5.7;-111
2021-02-02T18:31:38Z;92.5;996.1;5.9;-108
2021-02-02T18:41:38Z;92.5;996.1;6;-115
2021-02-02T18:51:38Z;93;996;6.2;-112
2021-02-02T19:01:38Z;93;995.9;6.4;-116
2021-02-02T19:11:38Z;93;995.9;6.6;-110
2021-02-02T19:21:38Z;93;995.9;6.7;-110
2021-02-02T19:31:38Z;93;996;6.8;-112
2021-02-02T19:41:38Z;93;996;6.9;-109
2021-02-02T20:01:37Z;93;995.8;7.2;-110
2021-02-02T20:11:38Z;93;995.9;7.3;-112
2021-02-02T20:21:38Z;93.5;995.8;7.5;-103
2021-02-02T20:31:38Z;93.5;995.8;7.6;-108
2021-02-02T20:41:38Z;93;995.7;7.6;-109
2021-02-02T20:51:38Z;93;995.7;7.6;-118
2021-02-02T21:01:38Z;93;995.8;7.6;-106
2021-02-02T21:11:38Z;93;995.9;7.7;-112
2021-02-02T21:21:38Z;93.5;995.9;7.7;-115
2021-02-02T21:31:37Z;93.5;996;7.8;-105
2021-02-02T21:41:37Z;93.5;996.1;7.9;-116
2021-02-02T21:51:37Z;93.5;996;7.9;-109
2021-02-02T22:01:37Z;93.5;996;8;-110
2021-02-02T22:11:37Z;93.5;996;8;-103
2021-02-02T22:21:37Z;93.5;995.9;8.1;-110
2021-02-02T22:31:37Z;93.5;996;8;-114
2021-02-02T22:41:37Z;93.5;996.1;8;-108
2021-02-02T22:51:37Z;93.5;996.2;8;-111
2021-02-02T23:01:37Z;93.5;996.2;8.1;-112
2021-02-02T23:11:37Z;93.5;996.2;8.1;-119
2021-02-02T23:21:37Z;94;996.1;8.2;-108
2021-02-02T23:31:37Z;94;995.9;8.3;-110
2021-02-02T23:41:37Z;93.5;996;8.3;-108
2021-02-02T23:51:37Z;94;996.1;8.2;-109
2021-02-03T00:01:37Z;93.5;996;8.2;-111
2021-02-03T00:11:37Z;93.5;996.1;8.1;-110
2021-02-03T00:21:37Z;93.5;996;8;-109
2021-02-03T00:31:37Z;93.5;995.9;7.9;-113
2021-02-03T00:41:37Z;93.5;995.7;7.9;-112
2021-02-03T00:51:37Z;94;995.8;8;-112
2021-02-03T01:01:37Z;94;995.6;8.1;-106
2021-02-03T01:11:37Z;94;995.6;8.1;-115
2021-02-03T01:21:37Z;94;995.6;8.2;-109
2021-02-03T01:31:37Z;94;995.6;8.2;-113
2021-02-03T01:41:37Z;94;995.6;8.3;-120
2021-02-03T01:51:37Z;94;995.6;8.3;-108
2021-02-03T02:01:37Z;94;995.6;8.4;-119
2021-02-03T02:11:37Z;94;995.6;8.4;-108
2021-02-03T02:21:37Z;94;995.5;8.4;-111
2021-02-03T02:31:37Z;94;995.6;8.4;-118
2021-02-03T02:41:37Z;94;995.5;8.4;-110
2021-02-03T02:51:37Z;94;995.5;8.4;-104
2021-02-03T03:01:37Z;94;995.5;8.4;-114
2021-02-03T03:11:37Z;94;995.6;8.4;-113
2021-02-03T03:21:37Z;94;995.6;8.4;-111
2021-02-03T03:31:37Z;94;995.4;8.4;-115
2021-02-03T03:41:37Z;94;995.3;8.3;-118
2021-02-03T03:51:37Z;94;995.4;8.2;-102
2021-02-03T04:01:37Z;94;995.2;8.2;-112
2021-02-03T04:11:37Z;94;995.1;8.2;-113
2021-02-03T04:21:37Z;94;995.1;8.1;-109
2021-02-03T04:31:37Z;94;995.1;8.2;-109
2021-02-03T04:41:37Z;94;995.1;8.1;-104
2021-02-03T04:51:37Z;94;995;8.1;-105
2021-02-03T05:01:37Z;94;995;8.1;-109
2021-02-03T05:11:37Z;94;994.9;8.1;-109
2021-02-03T05:21:37Z;94;994.9;8.1;-107
2021-02-03T05:31:37Z;94;994.9;8.1;-112
2021-02-03T05:41:37Z;94;994.9;8.1;-110
2021-02-03T05:51:37Z;94;994.9;8.1;-110
2021-02-03T06:01:37Z;94;994.8;8;-113
2021-02-03T06:11:37Z;94;994.7;8;-113
2021-02-03T06:21:37Z;94;994.6;8;-112
2021-02-03T06:31:37Z;94;994.6;7.9;-110
2021-02-03T06:41:37Z;94;994.6;7.9;-110
2021-02-03T06:51:37Z;94;994.6;7.9;-108
2021-02-03T07:01:37Z;94;994.6;7.9;-109
2021-02-03T07:11:37Z;94;994.7;7.9;-111
2021-02-03T07:21:37Z;94.5;994.7;8;-109
2021-02-03T07:31:37Z;94;994.6;8;-108
2021-02-03T07:41:37Z;94;994.5;8;-110
2021-02-03T07:51:37Z;94;994.5;7.9;-109
2021-02-03T08:01:37Z;94.5;994.5;8;-109
2021-02-03T08:11:37Z;94.5;994.4;8;-109
2021-02-03T08:21:37Z;94.5;994.4;8;-112
2021-02-03T08:31:37Z;94.5;994.3;8;-109
2021-02-03T08:41:37Z;94.5;994.2;8;-110
2021-02-03T08:51:37Z;94.5;994.1;8.1;-110
2021-02-03T09:01:37Z;94.5;994;8.1;-110
2021-02-03T09:11:37Z;94.5;993.9;8.2;-108
2021-02-03T09:22:24Z;94.5;993.8;8.2;-109
2021-02-03T09:31:37Z;94.5;993.7;8.2;-116
2021-02-03T09:41:37Z;94.5;993.6;8.3;-111
2021-02-03T09:51:37Z;94.5;993.5;8.3;-109
2021-02-03T10:01:37Z;94.5;993.5;8.3;-112
2021-02-03T10:11:37Z;94.5;993.3;8.3;-108
2021-02-03T10:21:37Z;94.5;993.2;8.4;-110
2021-02-03T10:31:37Z;94.5;993.2;8.4;-109
2021-02-03T10:41:37Z;94.5;993.1;8.4;-109
2021-02-03T10:51:37Z;94.5;992.9;8.4;-108
2021-02-03T11:01:37Z;94.5;992.8;8.4;-109
2021-02-03T11:11:37Z;94.5;992.6;8.4;-109
2021-02-03T11:21:37Z;94.5;992.5;8.4;-110
2021-02-03T11:31:37Z;94.5;992.5;8.4;-109
2021-02-03T11:41:37Z;94.5;992.3;8.3;-110
2021-02-03T11:51:37Z;94.5;992;8.3;-112
2021-02-03T12:01:37Z;94.5;992;8.3;-110
2021-02-03T12:11:37Z;94.5;991.9;8.3;-109
2021-02-03T12:21:37Z;94.5;992;8.3;-112
2021-02-03T12:31:37Z;94.5;992.1;8.2;-111
2021-02-03T12:41:37Z;94.5;992.2;8.1;-110
2021-02-03T12:51:37Z;94.5;992.1;8.1;-109
2021-02-03T13:01:37Z;94.5;992;8;-109
2021-02-03T13:11:37Z;94.5;991.9;8;-112
2021-02-03T13:21:37Z;94.5;991.9;8;-110
2021-02-03T13:31:37Z;94.5;992;7.9;-115
2021-02-03T13:41:52Z;94.5;969.9;7.8;-112
2021-02-03T13:51:52Z;94.5;992.1;7.8;-111
2021-02-03T14:01:52Z;94.5;992.1;7.8;-115
2021-02-03T14:11:52Z;94.5;992.2;7.7;-111
2021-02-03T14:21:52Z;94.5;992.2;7.7;-117
2021-02-03T14:31:52Z;94.5;992.1;7.7;-112
2021-02-03T14:41:52Z;94.5;992.1;7.6;-113
2021-02-03T14:51:52Z;94.5;992.3;7.6;-109
2021-02-03T15:01:52Z;94.5;992.4;7.5;-111
2021-02-03T15:11:52Z;94.5;992.6;7.4;-112
2021-02-03T15:21:52Z;94.5;992.5;7.4;-114
2021-02-03T15:31:52Z;94.5;992.6;7.3;-111
2021-02-03T15:41:52Z;94.5;992.9;7.3;-112
2021-02-03T15:51:52Z;94.5;992.9;7.2;-112
2021-02-03T16:01:52Z;94.5;993;7.1;-112
2021-02-03T16:11:52Z;94.5;993.1;7.1;-110
2021-02-03T16:21:52Z;94.5;993.1;7;-110
2021-02-03T16:31:52Z;94.5;993.2;6.9;-111
2021-02-03T16:41:52Z;94.5;993.3;6.9;-112
2021-02-03T16:51:52Z;94.5;993.5;6.8;-112
2021-02-03T17:01:52Z;94.5;993.6;6.8;-114
2021-02-03T17:11:52Z;94.5;993.7;6.7;-113
2021-02-03T17:21:52Z;94.5;993.8;6.7;-114
2021-02-03T17:41:51Z;94.5;994.1;6.6;-113
2021-02-03T17:51:52Z;94.5;994.2;6.5;-115
2021-02-03T18:01:52Z;94.5;994.3;6.5;-114
2021-02-03T18:11:52Z;94.5;994.5;6.5;-113
2021-02-03T18:21:52Z;94.5;994.7;6.5;-115
2021-02-03T18:31:52Z;94.5;994.8;6.5;-115
2021-02-03T18:41:52Z;94.5;995;6.5;-113
2021-02-03T18:51:52Z;94.5;995.2;6.5;-114
2021-02-03T19:01:52Z;94.5;995.5;6.5;-112
2021-02-03T19:11:52Z;94.5;995.7;6.5;-118
2021-02-03T19:21:52Z;94.5;995.9;6.5;-117
2021-02-03T19:31:51Z;94.5;996.1;6.5;-117
2021-02-03T19:41:51Z;94.5;996.4;6.6;-113
2021-02-03T19:51:51Z;94.5;996.6;6.6;-117
2021-02-03T20:01:51Z;94.5;996.8;6.6;-114
2021-02-03T20:11:51Z;94.5;997.1;6.7;-112
2021-02-03T20:21:51Z;94.5;997.3;6.7;-114
2021-02-03T20:31:51Z;94.5;997.6;6.7;-117
2021-02-03T20:41:51Z;94.5;997.8;6.8;-114
2021-02-03T20:51:51Z;95;998;6.8;-118
2021-02-03T21:01:51Z;95;998.3;6.8;-113
2021-02-03T21:11:51Z;95;998.6;6.9;-118
2021-02-03T21:21:51Z;95;998.9;6.9;-117
2021-02-03T21:31:51Z;95;999.2;6.9;-117
2021-02-03T21:41:51Z;95;999.4;6.9;-115
2021-02-03T21:51:51Z;95;999.6;6.9;-115
2021-02-03T22:01:51Z;95;999.8;6.9;-111
2021-02-03T22:11:51Z;95;1000;6.9;-117
2021-02-03T22:21:51Z;95;1000.3;6.9;-106
2021-02-03T22:31:51Z;94.5;1000.4;6.9;-118
2021-02-03T22:41:51Z;95;1000.7;6.8;-118
2021-02-03T22:51:51Z;95;1001;6.8;-105
2021-02-03T23:01:51Z;95;1001.1;6.8;-112
2021-02-03T23:11:51Z;95;1001.3;6.8;-114
2021-02-03T23:21:51Z;95;1001.5;6.9;-113
2021-02-03T23:31:51Z;95;1001.6;6.9;-111
2021-02-03T23:41:51Z;95;1001.7;6.8;-109
2021-02-04T00:01:51Z;95;1002.1;6.8;-114
2021-02-04T00:11:51Z;95;1002.3;6.8;-116
2021-02-04T00:21:51Z;95;1002.4;6.8;-115
2021-02-04T00:31:51Z;95;1002.6;6.8;-117
2021-02-04T00:41:51Z;95;1002.8;6.8;-117
2021-02-04T00:51:51Z;95;1003;6.8;-110
2021-02-04T01:01:51Z;95;1003.2;6.8;-113
2021-02-04T01:11:51Z;95;1003.4;6.8;-114
2021-02-04T01:21:51Z;95;1003.6;6.8;-104
2021-02-04T01:31:51Z;95;1003.8;6.8;-110
2021-02-04T01:41:51Z;95;1004;6.7;-104
2021-02-04T01:51:51Z;95;1004.1;6.7;-108
2021-02-04T02:01:51Z;95;1004.2;6.7;-114
2021-02-04T02:11:51Z;95;1004.3;6.7;-110
2021-02-04T02:21:51Z;95;1004.5;6.7;-108
2021-02-04T02:31:51Z;95;1004.6;6.6;-108
2021-02-04T02:41:51Z;95;1004.8;6.6;-105
2021-02-04T02:51:51Z;95;1005;6.6;-109
2021-02-04T03:01:51Z;95;1005.1;6.6;-106
2021-02-04T03:11:51Z;95;1005.3;6.6;-112
2021-02-04T03:21:51Z;95;1005.5;6.6;-103
2021-02-04T03:31:51Z;95;1005.6;6.6;-110
2021-02-04T03:41:51Z;95;1005.8;6.6;-112
2021-02-04T03:51:51Z;95;1006;6.5;-110
2021-02-04T04:01:51Z;95;1006.1;6.5;-105
2021-02-04T04:11:51Z;95;1006.3;6.5;-112
2021-02-04T04:21:51Z;94.5;1006.5;6.4;-108
2021-02-04T04:31:51Z;94.5;1006.8;6.4;-109
2021-02-04T04:41:51Z;94.5;1007;6.3;-108
2021-02-04T04:51:51Z;94.5;1007.1;6.3;-107
2021-02-04T05:01:51Z;94.5;1007.3;6.2;-119
2021-02-04T05:11:51Z;94.5;1007.5;6.2;-112
2021-02-04T05:21:51Z;94.5;1007.6;6.1;-107
2021-02-04T05:31:51Z;94.5;1007.8;6.1;-108
2021-02-04T05:41:51Z;94.5;1008;6;-107
2021-02-04T05:51:51Z;94.5;1008;5.9;-107
2021-02-04T06:01:51Z;94.5;1008.1;5.9;-106
2021-02-04T06:11:51Z;94.5;1008.3;5.8;-108
2021-02-04T06:21:51Z;94.5;1008.5;5.7;-106
2021-02-04T06:31:51Z;94.5;1008.7;5.7;-110
2021-02-04T06:41:51Z;94.5;1008.8;5.6;-108
2021-02-04T06:51:51Z;94.5;1009;5.6;-108
2021-02-04T07:01:51Z;94.5;1009.1;5.5;-108
2021-02-04T07:11:51Z;94.5;1009.3;5.5;-107
2021-02-04T07:21:51Z;94.5;1009.5;5.4;-108
2021-02-04T07:31:51Z;94.5;1009.6;5.3;-106
2021-02-04T07:41:51Z;94.5;1009.8;5.2;-107
2021-02-04T07:51:51Z;94.5;1009.9;5.1;-106
2021-02-04T08:01:51Z;94.5;1010.1;5.1;-108
2021-02-04T08:11:51Z;95;1010.3;5.2;-106
2021-02-04T08:21:51Z;95;1010.4;5.3;-107
2021-02-04T08:31:51Z;94.5;1010.6;5.3;-105
2021-02-04T08:41:51Z;94.5;1010.8;5.4;-110
2021-02-04T08:51:51Z;94.5;1010.9;5.4;-107
2021-02-04T09:01:51Z;94.5;1011;5.5;-106
2021-02-04T09:11:51Z;94.5;1011.2;5.5;-107
2021-02-04T09:21:51Z;94.5;1011.4;5.6;-109
2021-02-04T09:31:51Z;94.5;1011.4;5.7;-108
2021-02-04T09:41:51Z;94.5;1011.5;5.7;-106
2021-02-04T09:51:51Z;94.5;1011.6;5.8;-105
2021-02-04T10:01:51Z;95;1011.7;6;-108
2021-02-04T10:11:51Z;94.5;1011.8;6.1;-105
2021-02-04T10:21:51Z;94.5;1011.9;6.2;-108
2021-02-04T10:31:51Z;94.5;1012.1;6.3;-111
2021-02-04T10:41:51Z;94.5;1012.2;6.3;-108
2021-02-04T10:51:51Z;94.5;1012.3;6.3;-108
2021-02-04T11:01:51Z;94.5;1012.3;6.3;-110
2021-02-04T11:11:51Z;94.5;1012.3;6.4;-110
2021-02-04T11:21:51Z;94.5;1012.4;6.5;-107
2021-02-04T11:31:51Z;94.5;1012.3;6.6;-108
2021-02-04T11:41:51Z;94.5;1012.4;6.7;-107
2021-02-04T11:51:51Z;94.5;1012.3;6.7;-108
2021-02-04T12:01:51Z;94.5;1012.3;6.8;-108
2021-02-04T12:11:51Z;94.5;1012.4;6.9;-109
2021-02-04T12:21:51Z;94.5;1012.4;7;-109
2021-02-04T12:31:51Z;94.5;1012.3;7.1;-106
2021-02-04T12:41:51Z;94.5;1012.3;7.1;-107
2021-02-04T12:51:51Z;94.5;1012.4;7.2;-108
2021-02-04T13:01:51Z;94.5;1012.4;7.2;-109
2021-02-04T13:11:51Z;94.5;1012.4;7.2;-108
2021-02-04T13:21:51Z;94.5;1012.3;7.2;-106
2021-02-04T13:31:51Z;94.5;1012.2;7.2;-106
2021-02-04T13:42:06Z;94.5;989.8;7.3;-104
2021-02-04T13:52:06Z;94.5;1012.3;7.3;-104
2021-02-04T14:02:06Z;94.5;1012.4;7.3;-105
2021-02-04T14:12:06Z;94.5;1012.3;7.3;-104
2021-02-04T14:22:06Z;94.5;1012.4;7.3;-104
2021-02-04T14:32:06Z;94.5;1012.4;7.4;-107
2021-02-04T14:42:06Z;94.5;1012.3;7.4;-104
2021-02-04T14:52:06Z;94.5;1012.3;7.3;-106
2021-02-04T15:02:06Z;94.5;1012.2;7.3;-106
2021-02-04T15:12:06Z;94.5;1012.2;7.2;-108
2021-02-04T15:22:06Z;94.5;1012.2;7.1;-105
2021-02-04T15:32:06Z;94.5;1012.2;7;-105
2021-02-04T15:42:06Z;94;1012.3;6.9;-104
2021-02-04T15:52:06Z;94;1012.3;6.8;-105
2021-02-04T16:02:05Z;94;1012.3;6.7;-104
2021-02-04T16:12:06Z;94;1012.3;6.6;-104
2021-02-04T16:22:06Z;94;1012.3;6.5;-104
2021-02-04T16:32:05Z;94;1012.3;6.4;-105
2021-02-04T16:42:05Z;94;1012.3;6.3;-104
2021-02-04T16:52:07Z;94;1012.3;6.1;-105
2021-02-04T17:02:05Z;94;1012.4;6;-105
2021-02-04T17:12:05Z;94;1012.3;5.9;-103
2021-02-04T17:22:05Z;94;1012.3;5.7;-104
2021-02-04T17:32:05Z;94;1012.4;5.6;-105
2021-02-04T17:42:05Z;94;1012.3;5.5;-105
2021-02-04T17:52:05Z;94;1012.3;5.3;-104
2021-02-04T18:02:05Z;94;1012.3;5.2;-105
2021-02-04T18:12:05Z;94;1012.4;5.1;-104
2021-02-04T18:22:05Z;94;1012.4;5;-104
2021-02-04T18:32:05Z;94;1012.5;4.9;-103
2021-02-04T18:42:05Z;94;1012.5;4.8;-105
2021-02-04T18:52:05Z;94;1012.5;4.8;-104
2021-02-04T19:02:05Z;94;1012.4;4.7;-105
2021-02-04T19:12:05Z;94.5;1012.4;4.7;-104
2021-02-04T19:22:05Z;94.5;1012.3;4.8;-104
2021-02-04T19:32:05Z;94;1012.3;4.8;-104
2021-02-04T19:42:05Z;94;1012.2;4.7;-104
2021-02-04T19:52:05Z;94;1012.1;4.7;-105
2021-02-04T20:02:05Z;94;1012.1;4.6;-105
2021-02-04T20:12:05Z;94;1012.1;4.5;-105
2021-02-04T20:22:05Z;94;1012.1;4.4;-105
2021-02-04T20:32:05Z;94;1012;4.3;-105
2021-02-04T20:42:05Z;94;1012;4.1;-105
2021-02-04T20:52:05Z;94;1012.2;4;-106
2021-02-04T21:02:05Z;94;1012.2;3.9;-105
2021-02-04T21:12:05Z;94;1012.2;3.8;-106
2021-02-04T21:22:05Z;94;1012.3;3.7;-105
2021-02-04T21:32:05Z;94;1012.3;3.8;-104
2021-02-04T21:42:05Z;94;1012.2;3.8;-105
2021-02-04T21:52:05Z;94;1012.3;3.8;-106
2021-02-04T22:02:05Z;94;1012.3;3.9;-105
2021-02-04T22:12:05Z;94;1012.2;3.9;-105
2021-02-04T22:22:05Z;94;1012.2;3.9;-105
2021-02-04T22:32:05Z;94;1012.1;4;-105
2021-02-04T22:42:05Z;94;1012;4;-104
2021-02-04T22:52:05Z;94;1011.9;4;-105
2021-02-04T23:02:05Z;94;1011.8;4.1;-105
2021-02-04T23:12:05Z;94;1011.8;4.1;-105
2021-02-04T23:22:05Z;94;1011.8;4.1;-104
2021-02-04T23:32:05Z;94;1011.8;4.1;-106
2021-02-04T23:42:05Z;94;1011.8;4;-105
2021-02-04T23:52:05Z;94;1011.7;4;-105
2021-02-05T00:02:05Z;94;1011.6;4;-105
2021-02-05T00:12:05Z;94;1011.6;3.9;-105
2021-02-05T00:22:05Z;94;1011.6;3.9;-105
2021-02-05T00:32:05Z;94;1011.5;3.9;-104
2021-02-05T00:42:05Z;94;1011.4;3.9;-105
2021-02-05T00:52:05Z;94;1011.4;3.9;-105
2021-02-05T01:02:05Z;94;1011.4;3.9;-105
2021-02-05T01:12:05Z;94;1011.2;3.9;-104
2021-02-05T01:22:05Z;94;1011;3.9;-106
2021-02-05T01:32:05Z;94;1011;3.9;-104
2021-02-05T01:42:05Z;94;1010.9;3.9;-105
2021-02-05T01:52:05Z;94;1010.9;3.8;-104
2021-02-05T02:02:05Z;94;1010.8;3.8;-105
2021-02-05T02:12:05Z;94;1010.7;3.8;-106
2021-02-05T02:22:05Z;94;1010.6;3.8;-105
2021-02-05T02:32:05Z;94;1010.6;3.8;-104
2021-02-05T02:42:05Z;94;1010.7;3.8;-104
2021-02-05T02:52:05Z;94;1010.5;3.8;-106
2021-02-05T03:02:05Z;94;1010.4;3.8;-104
2021-02-05T03:12:05Z;94;1010.4;3.8;-104
2021-02-05T03:22:05Z;94;1010.5;3.8;-105
2021-02-05T03:42:05Z;94;1010.2;3.8;-105
2021-02-05T03:52:05Z;94;1010.2;3.8;-105
2021-02-05T04:02:05Z;94;1010.2;3.7;-105
2021-02-05T04:12:05Z;94;1010.2;3.7;-105
2021-02-05T04:22:05Z;94;1010.2;3.7;-105
2021-02-05T04:32:05Z;94;1010.1;3.7;-104
2021-02-05T04:42:05Z;94;1010.1;3.6;-105
2021-02-05T04:52:05Z;94;1010.2;3.6;-104
2021-02-05T05:02:05Z;94;1010.1;3.6;-105
2021-02-05T05:12:05Z;94;1010;3.6;-105
2021-02-05T05:22:05Z;94;1010;3.5;-105
2021-02-05T05:32:05Z;94;1010;3.5;-105
2021-02-05T05:42:05Z;94;1010;3.5;-104
2021-02-05T05:52:05Z;94;1010.1;3.5;-105
2021-02-05T06:02:05Z;94;1010;3.4;-104
2021-02-05T06:12:05Z;94;1010;3.4;-104
2021-02-05T06:22:05Z;94;1009.9;3.4;-104
2021-02-05T06:32:05Z;94;1009.9;3.4;-105
2021-02-05T06:42:05Z;94;1009.9;3.4;-105
2021-02-05T06:52:05Z;94;1009.9;3.4;-104
2021-02-05T07:02:05Z;94;1010;3.3;-104
2021-02-05T07:12:05Z;94;1010;3.3;-104
2021-02-05T07:22:05Z;94;1010;3.3;-105
2021-02-05T07:32:05Z;94;1010;3.3;-105
2021-02-05T07:42:05Z;94;1010.1;3.3;-106
2021-02-05T07:52:05Z;94;1010.2;3.3;-106
2021-02-05T08:02:05Z;94;1010.1;3.3;-104
2021-02-05T08:12:05Z;94;1010.2;3.3;-105
2021-02-05T08:22:05Z;94;1010.4;3.4;-106
2021-02-05T08:32:05Z;94;1010.5;3.4;-107
2021-02-05T08:42:05Z;94;1010.6;3.4;-107
2021-02-05T08:52:05Z;94;1010.7;3.5;-105
2021-02-05T09:02:05Z;94;1010.7;3.5;-108
2021-02-05T09:12:05Z;94;1010.6;3.6;-107
2021-02-05T09:22:05Z;94;1010.7;3.6;-107
2021-02-05T09:32:05Z;94;1010.6;3.7;-106
2021-02-05T09:42:05Z;94;1010.6;3.8;-107
2021-02-05T09:52:05Z;94;1010.5;3.9;-105
2021-02-05T10:02:05Z;94;1010.5;4.1;-104
2021-02-05T10:12:05Z;94;1010.5;4.3;-106
2021-02-05T10:22:05Z;94;1010.4;4.4;-106
2021-02-05T10:32:05Z;94;1010.5;4.8;-105
2021-02-05T10:42:05Z;94;1010.5;4.8;-108
2021-02-05T10:52:05Z;94;1010.5;5;-107
2021-02-05T11:02:05Z;94;1010.5;5.1;-106
2021-02-05T11:12:05Z;94;1010.5;5.2;-104
2021-02-05T11:22:05Z;94;1010.4;5.3;-105
2021-02-05T11:32:05Z;94;1010.2;5.3;-105
2021-02-05T11:42:05Z;94;1010.1;5.5;-105
2021-02-05T11:52:05Z;94;1010;5.7;-106
2021-02-05T12:02:05Z;94;1010.2;5.8;-107
2021-02-05T12:12:05Z;94;1010.2;5.9;-106
2021-02-05T12:22:05Z;94;1010.1;6;-107
2021-02-05T12:32:05Z;94;1010.1;6.1;-106
2021-02-05T12:42:04Z;94;1010.1;6.2;-106
2021-02-05T12:52:04Z;94;1010;6.3;-105
2021-02-05T13:02:04Z;94;1010;6.6;-105
2021-02-05T13:12:04Z;94;1010;6.6;-106
2021-02-05T13:22:05Z;94;1009.9;6.6;-105
2021-02-05T13:32:05Z;94;1009.9;6.6;-107
2021-02-05T13:42:19Z;94;987.6;6.6;-108
2021-02-05T13:52:19Z;94;1010;6.7;-107
2021-02-05T14:02:19Z;94;1010;6.7;-106
2021-02-05T14:12:19Z;94;1010.1;6.8;-107
2021-02-05T14:22:19Z;94;1010;6.8;-106
2021-02-05T14:32:19Z;94;1010;6.8;-107
2021-02-05T14:42:19Z;94;1010;6.8;-106
2021-02-05T14:52:19Z;94;1010;6.9;-106
2021-02-05T15:02:19Z;94;1009.9;6.9;-106
2021-02-05T15:12:19Z;94;1010;6.9;-105
2021-02-05T15:22:19Z;94;1010;6.9;-105
2021-02-05T15:32:19Z;94;1010;6.9;-104
2021-02-05T15:42:20Z;94;1010;6.9;-106
2021-02-05T15:52:19Z;94;1009.9;7;-105
2021-02-05T16:02:19Z;94;1009.9;7;-105
2021-02-05T16:12:19Z;94;1010;7;-103
2021-02-05T16:22:19Z;94;1010;6.9;-104
2021-02-05T16:32:19Z;94;1010;6.9;-104
2021-02-05T16:42:19Z;94;1010.1;6.9;-103
2021-02-05T16:52:19Z;94;1010.1;6.8;-103
2021-02-05T17:02:19Z;94;1010.2;6.8;-104
2021-02-05T17:12:19Z;94;1010.2;6.8;-104
2021-02-05T17:22:19Z;94;1010.2;6.7;-105
2021-02-05T17:32:19Z;94;1010.3;6.7;-105
2021-02-05T17:42:19Z;94;1010.3;6.7;-104
2021-02-05T17:52:19Z;94;1010.4;6.7;-105
2021-02-05T18:02:19Z;94;1010.4;6.6;-104
2021-02-05T18:12:19Z;94;1010.4;6.6;-105
2021-02-05T18:22:19Z;94;1010.4;6.6;-104
2021-02-05T18:32:19Z;94;1010.4;6.6;-103
2021-02-05T18:42:19Z;94;1010.4;6.5;-105
2021-02-05T18:52:19Z;94;1010.4;6.5;-104
2021-02-05T19:02:19Z;94;1010.5;6.4;-104
2021-02-05T19:12:19Z;94;1010.5;6.4;-104
2021-02-05T19:22:19Z;94;1010.5;6.3;-104
2021-02-05T19:32:19Z;94;1010.6;6.3;-105
2021-02-05T19:42:19Z;94;1010.6;6.2;-105
2021-02-05T19:52:19Z;94;1010.6;6.2;-104
2021-02-05T20:02:19Z;94;1010.5;6.2;-104
2021-02-05T20:12:19Z;94;1010.5;6.2;-104
2021-02-05T20:22:19Z;94;1010.5;6.1;-105
2021-02-05T20:32:19Z;94;1010.4;6.1;-104
2021-02-05T20:42:19Z;94;1010.4;6.1;-105
2021-02-05T20:52:19Z;94;1010.3;6.1;-104
2021-02-05T21:02:19Z;94;1010.3;6.1;-104
2021-02-05T21:12:19Z;94;1010.3;6.1;-104
2021-02-05T21:22:19Z;94;1010.3;6.1;-105
2021-02-05T21:32:19Z;94;1010.3;6.1;-106
2021-02-05T21:42:19Z;94;1010.3;6.1;-105
2021-02-05T21:52:19Z;94;1010.4;6.1;-105
2021-02-05T22:02:19Z;94;1010.4;6.1;-106
2021-02-05T22:12:19Z;94;1010.3;6.1;-105
2021-02-05T22:22:19Z;94;1010.4;6.1;-106
2021-02-05T22:32:19Z;94;1010.3;6.1;-105
2021-02-05T22:42:19Z;94;1010.3;6.1;-105
2021-02-05T22:52:19Z;94;1010.3;6;-105
2021-02-05T23:02:19Z;94;1010.3;6;-104
2021-02-05T23:12:19Z;94;1010.4;6;-105
2021-02-05T23:22:19Z;94;1010.5;6;-105
2021-02-05T23:32:19Z;94;1010.5;6;-105
2021-02-05T23:42:19Z;94;1010.5;6;-106
2021-02-05T23:52:19Z;94;1010.5;6;-105
2021-02-06T00:02:19Z;94;1010.4;6;-105
2021-02-06T00:12:19Z;94;1010.3;5.9;-105
2021-02-06T00:22:19Z;94;1010.3;5.9;-105
2021-02-06T00:32:19Z;94;1010.2;5.9;-106
2021-02-06T00:42:19Z;94;1010.3;5.9;-104
2021-02-06T00:52:19Z;94;1010.3;5.8;-106
2021-02-06T01:02:19Z;94;1010.3;5.8;-105
2021-02-06T01:12:19Z;94;1010.4;5.8;-105
2021-02-06T01:22:19Z;94;1010.4;5.7;-106
2021-02-06T01:32:19Z;94;1010.3;5.7;-107
2021-02-06T01:42:19Z;94;1010.3;5.6;-105
2021-02-06T01:52:19Z;94;1010.3;5.6;-104
2021-02-06T02:02:19Z;94;1010.3;5.5;-104
2021-02-06T02:12:19Z;94;1010.3;5.4;-105
2021-02-06T02:22:19Z;94;1010.3;5.3;-106
2021-02-06T02:32:19Z;94;1010.4;5.2;-105
2021-02-06T02:42:19Z;94;1010.3;5.1;-105
2021-02-06T02:52:19Z;94;1010.4;5;-106
2021-02-06T03:02:19Z;94;1010.3;4.9;-105
2021-02-06T03:12:19Z;94;1010.3;4.8;-105
2021-02-06T03:22:19Z;94;1010.3;4.7;-105
2021-02-06T03:32:19Z;94;1010.2;4.6;-106
2021-02-06T03:42:19Z;94;1010.3;4.5;-104
2021-02-06T03:52:19Z;94;1010.3;4.4;-105
2021-02-06T04:02:19Z;94;1010.3;4.3;-105
2021-02-06T04:12:19Z;94;1010.3;4.2;-104
2021-02-06T04:22:19Z;94;1010.3;4.1;-106
2021-02-06T04:32:19Z;94;1010.4;4;-106
2021-02-06T04:42:19Z;94;1010.5;4;-104
2021-02-06T04:52:19Z;94;1010.5;3.9;-105
2021-02-06T05:02:19Z;94;1010.5;3.8;-106
2021-02-06T05:12:19Z;94;1010.4;3.8;-102
2021-02-06T05:22:19Z;94;1010.3;3.7;-104
2021-02-06T05:32:19Z;94;1010.3;3.7;-107
2021-02-06T05:42:19Z;94;1010.3;3.6;-105
2021-02-06T05:52:19Z;94;1010.2;3.6;-111
2021-02-06T06:02:19Z;94;1010.2;3.6;-107
2021-02-06T06:12:19Z;94;1010.2;3.6;-105
2021-02-06T06:22:19Z;94;1010.3;3.5;-105
2021-02-06T06:32:19Z;94;1010.4;3.5;-105
2021-02-06T06:42:19Z;94;1010.4;3.5;-106
2021-02-06T06:52:19Z;94;1010.5;3.4;-106
2021-02-06T07:02:19Z;94;1010.5;3.3;-106
2021-02-06T07:12:19Z;94;1010.5;3.3;-105
2021-02-06T07:22:19Z;94;1010.6;3.2;-105
2021-02-06T07:32:19Z;94;1010.6;3.1;-103
2021-02-06T07:42:19Z;94;1010.7;3.1;-106
2021-02-06T07:52:19Z;94;1010.7;3;-105
2021-02-06T08:02:19Z;94;1010.8;3;-108
2021-02-06T08:12:19Z;94;1010.8;2.9;-106
2021-02-06T08:22:19Z;94;1010.8;2.9;-107
2021-02-06T08:32:19Z;94;1010.8;2.8;-106
2021-02-06T08:42:19Z;94;1010.8;2.8;-104
2021-02-06T08:52:19Z;93.5;1010.8;2.7;-105
2021-02-06T09:02:19Z;94;1010.7;2.6;-107
2021-02-06T09:12:19Z;94;1010.7;2.6;-105
2021-02-06T09:22:19Z;94;1010.6;2.5;-107
2021-02-06T09:32:19Z;94;1010.7;2.5;-108
2021-02-06T09:42:18Z;94;1010.7;2.5;-108
2021-02-06T09:52:18Z;94;1010.7;2.5;-108
2021-02-06T10:02:19Z;93.5;1010.6;2.4;-105
2021-02-06T10:12:18Z;93.5;1010.6;2.4;-104
2021-02-06T10:22:18Z;93.5;1010.6;2.3;-108
2021-02-06T10:32:18Z;93.5;1010.6;2.3;-107
2021-02-06T10:42:18Z;93.5;1010.6;2.3;-110
2021-02-06T10:52:18Z;93.5;1010.5;2.2;-104
2021-02-06T11:02:18Z;93.5;1010.5;2.2;-106
2021-02-06T11:12:18Z;93.5;1010.5;2.2;-108
2021-02-06T11:22:18Z;93.5;1010.4;2.2;-108
2021-02-06T11:32:18Z;93.5;1010.4;2.2;-105
2021-02-06T11:42:18Z;93.5;1010.2;2.1;-104
2021-02-06T11:52:18Z;93.5;1010.2;2.1;-105
2021-02-06T12:02:18Z;93.5;1010.1;2.1;-104
2021-02-06T12:12:18Z;93.5;1010;2.1;-103
2021-02-06T12:22:18Z;93.5;1010;2;-102
2021-02-06T12:42:18Z;93.5;1009.8;2;-99
2021-02-06T12:52:18Z;93.5;1009.7;1.9;-106
2021-02-06T13:02:18Z;93.5;1009.6;1.9;-101
2021-02-06T13:12:18Z;93.5;1009.6;1.8;-105
2021-02-06T13:22:18Z;93.5;1009.5;1.8;-103
2021-02-06T13:32:18Z;93.5;1009.5;1.7;-104
2021-02-06T13:42:33Z;93.5;987.3;1.7;-101
2021-02-06T13:52:33Z;93;1009.4;1.7;-100
2021-02-06T14:02:33Z;93;1009.3;1.6;-105
2021-02-06T14:12:33Z;93.5;1009.3;1.6;-104
2021-02-06T14:22:33Z;93;1009.2;1.6;-102
2021-02-06T14:32:33Z;93;1009.1;1.5;-102
2021-02-06T14:42:33Z;93;1009.1;1.5;-102
2021-02-06T14:52:33Z;93;1009;1.5;-101
2021-02-06T15:12:33Z;93;1008.9;1.4;-107
2021-02-06T15:22:33Z;93;1009;1.3;-102
2021-02-06T15:32:33Z;93;1008.7;1.2;-105
2021-02-06T15:42:33Z;92.5;1008.6;1.1;-106
2021-02-06T15:52:33Z;92.5;1008.5;1;-105
2021-02-06T16:02:33Z;92.5;1008.4;0.9;-103
2021-02-06T16:12:33Z;92.5;1008.4;0.8;-107
2021-02-06T16:22:33Z;92.5;1008.2;0.7;-104
2021-02-06T16:32:33Z;92.5;1008.2;0.7;-104
2021-02-06T16:42:33Z;92.5;1008.1;0.6;-105
2021-02-06T16:52:33Z;92.5;1008.1;0.5;-112
2021-02-06T17:02:33Z;92;1008;0.4;-107
2021-02-06T17:12:33Z;92.5;1007.8;0.3;-104
2021-02-06T17:22:33Z;92.5;1007.9;0.2;-103
2021-02-06T17:32:33Z;92.5;1007.9;0.2;-104
2021-02-06T17:42:33Z;92.5;1007.9;0.1;-106
2021-02-06T17:52:33Z;92;1007.8;0;-104
2021-02-06T18:02:33Z;92;1007.6;0;-106
2021-02-06T18:12:33Z;92;1007.4;0;-103
2021-02-06T18:22:33Z;92;1007.3;0;-101
2021-02-06T18:32:33Z;92;1007.2;-0.1;-105
2021-02-06T18:42:33Z;92;1007.1;-0.1;-106
2021-02-06T18:52:33Z;92;1007.1;-0.2;-111
2021-02-06T19:02:33Z;91.5;1007;-0.2;-111
2021-02-06T19:12:33Z;91.5;1006.9;-0.2;-103
2021-02-06T19:22:33Z;91.5;1006.9;-0.3;-104
2021-02-06T19:32:33Z;91.5;1006.9;-0.3;-105
2021-02-06T19:42:33Z;91.5;1006.8;-0.3;-112
2021-02-06T19:52:33Z;91.5;1006.7;-0.4;-114
2021-02-06T20:02:33Z;91.5;1006.6;-0.4;-105
2021-02-06T20:12:33Z;91.5;1006.4;-0.5;-110
2021-02-06T20:22:33Z;91.5;1006.3;-0.5;-106
2021-02-06T20:32:33Z;91.5;1006.1;-0.5;-103
2021-02-06T20:42:33Z;91.5;1006;-0.5;-103
2021-02-06T20:52:33Z;92;1006.1;-0.6;-110
2021-02-06T21:02:33Z;92;1006.1;-0.6;-108
2021-02-06T21:12:33Z;91.5;1006;-0.7;-101
2021-02-06T21:22:33Z;91.5;1006;-0.7;-112
2021-02-06T21:32:33Z;92;1006;-0.8;-109
2021-02-06T21:42:33Z;92;1005.9;-0.8;-111
2021-02-06T21:52:33Z;91.5;1005.6;-0.9;-114
2021-02-06T22:02:33Z;92;1005.4;-1;-109
2021-02-06T22:12:33Z;92;1005.2;-1;-105
2021-02-06T22:22:33Z;92;1005.1;-1.1;-109
2021-02-06T22:32:33Z;92;1005;-1.1;-105
2021-02-06T22:42:33Z;92;1004.9;-1.1;-109
2021-02-06T22:52:33Z;92;1004.7;-1.2;-115
2021-02-06T23:02:33Z;92;1004.7;-1.2;-104
2021-02-06T23:22:33Z;92;1004.6;-1.3;-106
2021-02-06T23:32:33Z;92;1004.5;-1.4;-113
2021-02-06T23:42:33Z;92;1004.3;-1.4;-107
2021-02-06T23:52:33Z;92;1004.2;-1.5;-110
2021-02-07T00:02:33Z;92;1004;-1.6;-108
2021-02-07T00:12:33Z;92;1003.8;-1.6;-113
2021-02-07T00:22:33Z;92;1003.7;-1.6;-112
2021-02-07T00:32:33Z;92;1003.6;-1.7;-112
2021-02-07T00:42:33Z;92;1003.5;-1.8;-110
2021-02-07T00:52:33Z;92;1003.3;-1.8;-106
2021-02-07T01:02:33Z;92;1003.2;-1.9;-110
2021-02-07T01:12:33Z;92;1003.2;-1.9;-104
2021-02-07T01:22:33Z;92;1003.1;-1.9;-110
2021-02-07T01:32:33Z;92;1003;-2;-103
2021-02-07T01:42:33Z;92;1002.8;-2;-107
2021-02-07T01:52:33Z;92;1002.7;-2.1;-108
2021-02-07T02:02:33Z;92;1002.5;-2.1;-111
2021-02-07T02:12:33Z;92;1002.3;-2.1;-107
2021-02-07T02:22:33Z;92;1002.1;-2.2;-112
2021-02-07T02:32:34Z;92;1001.9;-2.2;-110
2021-02-07T02:42:33Z;92;1001.8;-2.3;-109
2021-02-07T02:52:33Z;92;1001.7;-2.4;-111
2021-02-07T03:02:33Z;92;1001.6;-2.5;-111
2021-02-07T03:12:32Z;92;1001.5;-2.5;-107
2021-02-07T03:22:32Z;91.5;1001.5;-2.6;-107
2021-02-07T03:32:32Z;91.5;1001.4;-2.7;-107
2021-02-07T03:42:32Z;91.5;1001.4;-2.8;-104
2021-02-07T03:52:32Z;91.5;1001.5;-2.9;-109
2021-02-07T04:02:32Z;91.5;1001.5;-3;-109
2021-02-07T04:12:32Z;91.5;1001.5;-3.1;-105
2021-02-07T04:22:32Z;91.5;1001.4;-3.2;-117
2021-02-07T04:32:32Z;91.5;1001.4;-3.3;-109
2021-02-07T04:42:32Z;91.5;1001.5;-3.3;-105
2021-02-07T04:52:32Z;91.5;1001.4;-3.4;-108
2021-02-07T05:02:32Z;91.5;1001.3;-3.5;-111
2021-02-07T05:12:32Z;91.5;1001.2;-3.6;-100
2021-02-07T05:22:32Z;91.5;1001.2;-3.7;-105
2021-02-07T05:32:32Z;91.5;1001.2;-3.8;-112
2021-02-07T05:42:32Z;91.5;1001.3;-3.8;-103
2021-02-07T05:52:32Z;91.5;1001.3;-3.8;-107
2021-02-07T06:02:32Z;91.5;1001.3;-3.9;-111
2021-02-07T06:12:32Z;91.5;1001.2;-3.9;-108
2021-02-07T06:22:32Z;91.5;1001.2;-3.9;-107
2021-02-07T06:32:32Z;91.5;1001.1;-4;-103
2021-02-07T06:42:32Z;91.5;1001.1;-4;-109
2021-02-07T06:52:32Z;91;1001.2;-4;-100
2021-02-07T07:02:32Z;91.5;1001.2;-4.1;-111
2021-02-07T07:12:32Z;91;1001.1;-4.1;-103
2021-02-07T07:22:32Z;91;1001.1;-4.1;-108
2021-02-07T07:32:32Z;91;1001.1;-4.1;-110
2021-02-07T07:42:32Z;91;1001.2;-4.2;-113
2021-02-07T07:52:32Z;91;1001.1;-4.2;-101
2021-02-07T08:02:32Z;91;1001.2;-4.2;-113
2021-02-07T08:12:32Z;91;1001.2;-4.2;-107
2021-02-07T08:22:32Z;91;1001.2;-4.2;-108
2021-02-07T08:42:32Z;91;1001.2;-4.2;-103
2021-02-07T08:52:32Z;91;1001.2;-4.2;-103
2021-02-07T09:02:32Z;91;1001.2;-4.2;-104
2021-02-07T09:12:32Z;91;1001.2;-4.2;-115
2021-02-07T09:22:32Z;91;1001.2;-4.2;-105
2021-02-07T09:32:32Z;90.5;1001.2;-4.2;-110
2021-02-07T09:42:32Z;90.5;1001.2;-4.2;-110
2021-02-07T09:52:32Z;90.5;1001.2;-4.2;-107
2021-02-07T10:02:32Z;90.5;1001.1;-4.2;-105
2021-02-07T10:22:32Z;90.5;1001.2;-4.3;-111
2021-02-07T10:32:32Z;90.5;1001.2;-4.3;-107
2021-02-07T10:42:32Z;90;1001.2;-4.3;-111
2021-02-07T10:52:32Z;90;1001.2;-4.3;-111
2021-02-07T11:02:32Z;90;1001.2;-4.4;-107
2021-02-07T11:12:32Z;90;1001.1;-4.5;-110
2021-02-07T11:22:32Z;90;1001;-4.5;-113
2021-02-07T11:32:32Z;90.5;1001;-4.6;-112
2021-02-07T11:42:32Z;90;1000.9;-4.6;-105
2021-02-07T11:52:32Z;90;1000.9;-4.7;-104
2021-02-07T12:02:32Z;90;1000.9;-4.8;-118
2021-02-07T12:12:32Z;90.5;1000.9;-4.8;-112
2021-02-07T12:22:32Z;90.5;1000.9;-4.8;-101
2021-02-07T12:32:32Z;90.5;1000.8;-4.9;-112
2021-02-07T12:42:32Z;90.5;1000.7;-4.9;-112
2021-02-07T12:52:32Z;90.5;1000.7;-4.9;-105
2021-02-07T13:02:32Z;90.5;1000.7;-4.9;-107
2021-02-07T13:12:32Z;90.5;1000.6;-5;-109
2021-02-07T13:22:32Z;90.5;1000.6;-5;-111
2021-02-07T13:32:32Z;90;1000.6;-5;-103
2021-02-07T13:42:47Z;90.5;978.7;-5;-109
2021-02-07T13:52:47Z;90;1000.5;-5;-107
2021-02-07T14:02:47Z;90;1000.5;-5;-112
2021-02-07T14:12:47Z;90;1000.5;-5;-109
2021-02-07T14:22:47Z;90;1000.5;-5;-108
2021-02-07T14:32:47Z;90;1000.5;-5;-110
2021-02-07T14:42:47Z;90;1000.6;-5;-113
2021-02-07T14:52:47Z;90;1000.7;-5;-108
2021-02-07T15:02:47Z;90;1000.7;-5;-103
2021-02-07T15:12:47Z;90;1000.7;-5;-103
2021-02-07T15:22:47Z;90;1000.6;-5;-108
2021-02-07T15:32:47Z;90;1000.6;-5.1;-117
2021-02-07T15:42:47Z;90;1000.7;-5.1;-104
2021-02-07T15:52:47Z;90;1000.8;-5.2;-110
2021-02-07T16:02:47Z;89.5;1000.8;-5.2;-108
2021-02-07T16:12:47Z;90;1000.9;-5.2;-106
2021-02-07T16:22:47Z;90;1000.9;-5.2;-107
2021-02-07T16:32:47Z;89.5;1001;-5.3;-108
2021-02-07T16:42:47Z;89.5;1001.1;-5.3;-116
2021-02-07T16:52:47Z;89.5;1001.1;-5.3;-109
2021-02-07T17:02:47Z;89.5;1001.1;-5.3;-115
2021-02-07T17:12:47Z;89.5;1001.2;-5.3;-103
2021-02-07T17:22:47Z;89.5;1001.2;-5.3;-108
2021-02-07T17:32:47Z;89.5;1001.3;-5.4;-112
2021-02-07T17:42:47Z;89.5;1001.4;-5.4;-108
2021-02-07T17:52:47Z;89.5;1001.5;-5.4;-115
2021-02-07T18:02:47Z;89.5;1001.6;-5.3;-108
2021-02-07T18:12:47Z;89.5;1001.7;-5.4;-108
2021-02-07T18:22:47Z;89.5;1001.7;-5.3;-112
2021-02-07T18:32:47Z;89.5;1001.6;-5.3;-116
2021-02-07T18:42:47Z;89.5;1001.5;-5.3;-113
2021-02-07T19:02:46Z;89.5;1001.5;-5.3;-110
2021-02-07T19:12:47Z;89.5;1001.5;-5.3;-111
2021-02-07T19:22:47Z;89.5;1001.6;-5.3;-110
2021-02-07T19:32:47Z;89.5;1001.6;-5.3;-111
2021-02-07T19:42:47Z;89.5;1001.6;-5.3;-114
2021-02-07T19:52:47Z;89.5;1001.6;-5.3;-109
2021-02-07T20:02:47Z;89.5;1001.8;-5.3;-118
2021-02-07T20:12:46Z;89.5;1001.8;-5.3;-118
2021-02-07T20:22:47Z;89.5;1001.9;-5.3;-117
2021-02-07T20:32:46Z;89.5;1001.9;-5.3;-109
2021-02-07T20:42:46Z;89.5;1001.9;-5.3;-117
2021-02-07T20:52:46Z;89.5;1001.9;-5.3;-113
2021-02-07T21:02:46Z;89.5;1002;-5.4;-109
2021-02-07T21:12:46Z;89.5;1001.9;-5.4;-105
2021-02-07T21:22:46Z;89.5;1001.9;-5.4;-112
2021-02-07T21:32:46Z;89.5;1001.9;-5.4;-113
2021-02-07T21:42:46Z;89.5;1001.9;-5.5;-110
2021-02-07T21:52:47Z;89.5;1001.9;-5.5;-107
2021-02-07T22:02:46Z;89;1001.9;-5.5;-104
2021-02-07T22:12:46Z;89;1001.9;-5.5;-103
2021-02-07T22:22:46Z;89;1002;-5.5;-104
2021-02-07T22:32:46Z;89;1002;-5.5;-110
2021-02-07T22:42:46Z;89;1002;-5.5;-111
2021-02-07T22:52:46Z;89;1002.1;-5.5;-106
2021-02-07T23:02:46Z;89;1002;-5.6;-111
2021-02-07T23:12:46Z;89;1002.1;-5.6;-108
2021-02-07T23:22:46Z;89;1002.1;-5.6;-105
2021-02-07T23:32:46Z;89;1002.2;-5.6;-114
2021-02-07T23:42:46Z;89;1002.1;-5.6;-110
2021-02-07T23:52:46Z;89;1002.1;-5.6;-111